Date,Consumption,Production,Battery Charging,Battery Discharging,"Battery 
Fronius BYD HV - SOC 
","Inverter 
Fronius Symo - currentPower 
","Inverter 
Fronius Symo - activeDevice 
","Smart Meter 
Fronius Smart Meter 3P - currentPower 
","Smart Meter 
Fronius Smart Meter 3P - activeDevice 
","Car Charging 
OCPP Charger - currentPower 
","Car Charging 
OCPP Charger - activeDevice 
","Water Heater 
Ohmpilot - currentPower 
","Water Heater 
Ohmpilot - activeDevice 
","Water Heater 
Ohmpilot - currentWaterTemp 
"
2025-06-24T14:45:00+02:00,0,0,0,0,0,,,,,,,,,0
2025-06-24T15:00:00+02:00,0,0,0,0,0,,,,,,,,,0
2025-06-24T15:15:00+02:00,0,673,0,0,0,2020,1,0,0,0,0,0,0,0
2025-06-24T15:30:00+02:00,0,6239,0,0,0,6238.33,1,0,0,0,0,0,0,0
2025-06-24T15:45:00+02:00,486,6026,0,0,100,6025.5,1,-458,1,0,0,0,0,0
2025-06-24T16:00:00+02:00,1765,6344,10,0,100,6343.5,1,-4564.5,1,0,0,361,1,0
2025-06-24T16:15:00+02:00,4653,6198,10,45,100,6196.5,1,-1579.5,1,0,0,3553.5,1,0
2025-06-24T16:30:00+02:00,6296,6411,10,37,100,6410.67,1,-139,1,3601.67,1,1900.67,1,0
2025-06-24T16:45:00+02:00,4853,6158,11,0,99,6157,1,-1290,1,1656,1,2997,1,0
2025-06-24T17:00:00+02:00,4989,6027,11,0,99,6026,1,-1023.5,1,1,1,4676.5,1,0
2025-06-24T17:15:00+02:00,3773,5821,10,0,99,5821.33,1,-2034,1,0,0,3540.33,1,0
2025-06-24T17:30:00+02:00,5320,5897,10,0,99,5896.33,1,-563.33,1,0,0,4937,1,0
2025-06-24T17:45:00+02:00,908,5701,9,0,99,5700.33,1,-4779.33,1,0,0,397.67,1,0
2025-06-24T18:00:00+02:00,1060,5099,8,0,99,5098,1,-4026,1,0,0,266,1,0
2025-06-24T18:15:00+02:00,1270,5254,7,0,99,5253,1,-3972.33,1,0,0,831.33,1,117.7
2025-06-24T18:30:00+02:00,1390,4954,7,0,99,4953.67,1,-3553.67,1,0,0,808,1,111.43
2025-06-24T18:45:00+02:00,1253,4620,7,0,99,4620,1,-3357.33,1,0,0,761.67,1,107.13
2025-06-24T19:00:00+02:00,1299,4283,6,0,99,4282.67,1,-2975,1,0,0,780.33,1,100.23
2025-06-24T19:15:00+02:00,1149,3917,6,0,99,3916,1,-2758,1,0,0,624.67,1,105.67
2025-06-24T19:30:00+02:00,964,3480,6,0,99,3479.67,1,-2507.67,1,0,0,560,1,115.7
2025-06-24T19:45:00+02:00,1002,3022,5,0,99,3021.33,1,-2013,1,0,0,558.67,1,84.7
2025-06-24T20:00:00+02:00,1025,2568,4,0,99,2567,1,-1536,1,0,0,555,1,77.87
2025-06-24T20:15:00+02:00,981,1990,458,79,99,1989.67,1,-678.33,1,0,0,489,1,78.13
2025-06-24T20:30:00+02:00,668,907,1,122,100,907,1,-393.67,1,0,0,276.67,1,77.6
2025-06-24T20:45:00+02:00,675,566,0,258,99,565.33,1,-270.67,1,0,0,149.33,1,79.37
2025-06-24T21:00:00+02:00,455,154,1,276,98,153.67,1,13,1,0,0,0,0,100.33
2025-06-24T21:15:00+02:00,412,85,0,328,97,84,1,-9.67,1,0,0,0,0,117
2025-06-24T21:30:00+02:00,500,41,0,448,96,41,1,-1.33,1,0,0,0,0,114.07
2025-06-24T21:45:00+02:00,415,12,0,382,95,11.33,1,-0.33,1,0,0,0,0,117.4
2025-06-24T22:00:00+02:00,411,1,0,404,94,0.67,1,-0.67,1,0,0,0,0,0
2025-06-24T22:15:00+02:00,435,1,0,433,93,0,0,-10.67,1,0,0,0,0,0
2025-06-24T22:30:00+02:00,466,1,0,450,91,0,0,3.67,1,0,0,0,0,0
2025-06-24T22:45:00+02:00,449,1,0,415,89,0,0,15,1,0,0,0,0,0
2025-06-24T23:00:00+02:00,345,1,0,333,88,0,0,-14.33,1,0,0,0,0,0
2025-06-24T23:15:00+02:00,545,1,0,556,87,0.33,1,-29.33,1,0,0,0,0,117.85
2025-06-24T23:30:00+02:00,556,1,0,537,85,0.33,1,8,1,0,0,0,0,115.03
2025-06-24T23:45:00+02:00,397,1,0,390,83,0,0,-9,1,0,0,0,0,115.97
2025-06-25T00:00:00+02:00,415,1,0,398,82,0,0,3,1,0,0,0,0,116.87
2025-06-25T00:15:00+02:00,479,1,0,456,81,0,0,13.33,1,0,0,0,0,118.9
2025-06-25T00:30:00+02:00,455,1,0,446,79,0,0,-13.33,1,0,0,0,0,0
2025-06-25T00:45:00+02:00,425,1,0,412,78,0,0,-1.33,1,0,0,0,0,0
2025-06-25T01:00:00+02:00,468,1,0,454,76,0,0,0,0,0,0,0,0,119.8
2025-06-25T01:15:00+02:00,319,1,0,317,75,0,0,-14.67,1,0,0,0,0,0
2025-06-25T01:30:00+02:00,382,1,0,368,74,0,0,1.67,1,0,0,0,0,0
2025-06-25T01:45:00+02:00,546,1,0,521,73,0.33,1,-11.33,1,0,0,0,0,0
2025-06-25T02:00:00+02:00,320,1,0,316,72,0,0,-9,1,0,0,0,0,0
2025-06-25T02:15:00+02:00,361,1,0,357,71,0,0,-12.67,1,0,0,0,0,0
2025-06-25T02:30:00+02:00,344,1,0,320,70,0,0,3.33,1,0,0,0,0,0
2025-06-25T02:45:00+02:00,453,1,0,408,69,0,0,33.67,1,0,0,0,0,0
2025-06-25T03:00:00+02:00,474,1,0,457,68,0,0,0.67,1,0,0,0,0,0
2025-06-25T03:15:00+02:00,322,0,0,306,67,0,0,3,1,0,0,0,0,0
2025-06-25T03:30:00+02:00,339,0,0,322,66,0,0,6.67,1,0,0,0,0,0
2025-06-25T03:45:00+02:00,330,1,0,329,65,0,0,-13,1,0,0,0,0,0
2025-06-25T04:00:00+02:00,417,1,0,397,64,0,0,-0.67,1,0,0,0,0,0
2025-06-25T04:15:00+02:00,530,1,0,492,63,0,0,11.67,1,0,0,0,0,0
2025-06-25T04:30:00+02:00,424,1,0,412,61,0,0,-0.33,1,0,0,0,0,0
2025-06-25T04:45:00+02:00,343,1,0,341,60,0,0,-16.33,1,0,0,0,0,0
2025-06-25T05:00:00+02:00,325,1,0,306,60,0,0,8.33,1,0,0,0,0,0
2025-06-25T05:15:00+02:00,493,7,0,466,58,6.67,1,9,1,0,0,0,0,0
2025-06-25T05:30:00+02:00,330,31,0,263,57,30.67,1,26.33,1,0,0,0,0,0
2025-06-25T05:45:00+02:00,354,65,1,271,56,64.67,1,2.33,1,0,0,0,0,0
2025-06-25T06:00:00+02:00,352,111,0,229,55,111,1,1,1,0,0,0,0,0
2025-06-25T06:15:00+02:00,357,157,0,184,55,156.67,1,-7,1,0,0,0,0,0
2025-06-25T06:30:00+02:00,607,203,5,392,54,202.33,1,-0.33,1,0,0,0,0,0
2025-06-25T06:45:00+02:00,441,216,4,209,53,215.33,1,8.67,1,0,0,0,0,0
2025-06-25T07:00:00+02:00,532,221,0,269,52,220.33,1,2.33,1,0,0,0,0,0
2025-06-25T07:15:00+02:00,362,256,1,99,52,255.67,1,-10.33,1,0,0,0,0,0
2025-06-25T07:30:00+02:00,529,300,0,229,52,299.33,1,-11.67,1,0,0,0,0,0
2025-06-25T07:45:00+02:00,428,344,31,115,51,343.33,1,-5,1,0,0,0,0,0
2025-06-25T08:00:00+02:00,384,419,82,20,51,418.67,1,21,1,0,0,0,0,0
2025-06-25T08:15:00+02:00,404,482,104,21,51,481.67,1,5,1,0,0,0,0,0
2025-06-25T08:30:00+02:00,360,525,183,13,51,524.33,1,3,1,0,0,0,0,0
2025-06-25T08:45:00+02:00,462,556,117,16,51,556,1,2.33,1,0,0,0,0,0
2025-06-25T09:00:00+02:00,451,597,247,115,52,596,1,-20.67,1,0,0,0,0,0
2025-06-25T09:15:00+02:00,372,658,299,10,52,657.33,1,1.33,1,0,0,0,0,0
2025-06-25T09:30:00+02:00,311,695,373,0,53,694.67,1,-17,1,0,0,0,0,119.4
2025-06-25T09:45:00+02:00,286,734,442,4,54,733,1,-6.67,1,0,0,0,0,117.17
2025-06-25T10:00:00+02:00,480,898,447,9,55,897.33,1,20,1,0,0,0,0,114.1
2025-06-25T10:15:00+02:00,243,1185,933,0,57,1184,1,-10.33,1,0,0,0,0,112.97
2025-06-25T10:30:00+02:00,380,1514,1136,0,60,1513,1,-6,1,0,0,0,0,111.53
2025-06-25T10:45:00+02:00,428,1848,1439,0,64,1847.67,1,22.33,1,0,0,0,0,110.43
2025-06-25T11:00:00+02:00,498,2285,1794,0,68,2284.33,1,6.67,1,0,0,0,0,110.2
2025-06-25T11:15:00+02:00,449,2716,2271,0,73,2715.67,1,3,1,0,0,0,0,109
2025-06-25T11:30:00+02:00,544,3142,2616,0,79,3142,1,3.67,1,0,0,0,0,107.43
2025-06-25T11:45:00+02:00,571,3403,2832,0,86,3402.67,1,7.33,1,0,0,0,0,108.33
2025-06-25T12:00:00+02:00,1582,3647,2060,9,92,3646.67,1,-19,1,0,0,0,0,93.07
2025-06-25T12:15:00+02:00,3050,4038,328,0,100,4037.33,1,-679,1,0,0,1728.67,1,68.7
2025-06-25T12:30:00+02:00,4278,4346,8,0,100,4346,1,-57.33,1,0,0,3638.67,1,66.9
2025-06-25T12:45:00+02:00,4633,4690,6,8,100,4689.67,1,-58,1,0,0,4070.33,1,68.07
2025-06-25T13:00:00+02:00,4882,4957,8,9,100,4956.33,1,-74.33,1,0,0,4353,1,68.83
2025-06-25T13:15:00+02:00,5128,5192,9,0,100,5191.33,1,-51.67,1,0,0,4571.67,1,69.73
2025-06-25T13:30:00+02:00,5365,5432,9,0,100,5431.33,1,-54,1,0,0,4847.33,1,70.73
2025-06-25T13:45:00+02:00,5575,5639,9,0,100,5639,1,-51.33,1,0,0,5153.67,1,72
2025-06-25T14:00:00+02:00,5778,5833,9,0,100,5832.33,1,-40.67,1,0,0,5266.67,1,73.13
2025-06-25T14:15:00+02:00,2783,6082,9,4,100,6082,1,-3290.67,1,0,0,2162.67,1,74.13
2025-06-25T14:30:00+02:00,1494,5988,9,0,100,5987,1,-4478.33,1,0,0,895,1,74.4
2025-06-25T14:45:00+02:00,2887,6160,9,44,100,6160,1,-3306.33,1,1348,1,717.33,1,74.5
2025-06-25T15:00:00+02:00,5905,5973,10,0,99,5972.67,1,-54.67,1,5517,1,1.33,1,74.43
2025-06-25T15:15:00+02:00,5937,6005,10,0,99,6004,1,-54.67,1,5528.67,1,0,0,74.33
2025-06-25T15:30:00+02:00,6001,6057,10,0,99,6057.33,1,-42,1,5541.67,1,0,0,74.23
2025-06-25T15:45:00+02:00,6005,6071,10,0,99,6070.33,1,-51.33,1,5494,1,0,0,74.2
2025-06-25T16:00:00+02:00,6084,6155,12,0,99,6155,1,-55.67,1,5655.33,1,3.33,1,74.13
2025-06-25T16:15:00+02:00,6005,6112,12,0,99,6111,1,-90.67,1,63.33,1,5127,1,75.5
2025-06-25T16:30:00+02:00,2636,6025,12,0,99,6025.33,1,-3373.67,1,0,0,1802,1,77.5
2025-06-25T16:45:00+02:00,1466,5942,12,0,99,5941.33,1,-4459,1,0,0,605.67,1,75.93
2025-06-25T17:00:00+02:00,1494,5806,11,0,99,5805.67,1,-4296.67,1,0,0,695,1,90.7
2025-06-25T17:15:00+02:00,1336,5648,11,0,99,5646.67,1,-4296,1,0,0,603.33,1,0
2025-06-25T17:30:00+02:00,1230,5475,11,0,99,5474.67,1,-4231,1,0,0,517,1,113.4
2025-06-25T17:45:00+02:00,1321,5254,10,0,99,5253.67,1,-3919.67,1,0,0,643,1,0
2025-06-25T18:00:00+02:00,1149,4998,9,0,99,4997.67,1,-3836,1,0,0,558.33,1,0
2025-06-25T18:15:00+02:00,1122,4819,341,0,99,4818.67,1,-3395.33,1,0,0,532.33,1,0
2025-06-25T18:30:00+02:00,1060,4493,9,0,100,4493,1,-3420.33,1,0,0,575.67,1,0
2025-06-25T18:45:00+02:00,1096,3792,7,0,100,3791.67,1,-2685,1,0,0,377,1,85.2
2025-06-25T19:00:00+02:00,1841,3780,8,0,100,3779.67,1,-1928.67,1,0,0,555.67,1,0
2025-06-25T19:15:00+02:00,2185,3310,5,120,100,3309.33,1,-1239.67,1,0,0,287.67,1,103.9
2025-06-25T19:30:00+02:00,2962,2646,169,562,98,2645,1,-96.33,1,0,0,0,0,0
2025-06-25T19:45:00+02:00,2236,2483,788,517,98,2482.33,1,2.33,1,0,0,0,0,112.8
2025-06-25T20:00:00+02:00,1036,2001,446,8,100,2000.67,1,-522,1,0,0,85.33,1,108.3
2025-06-25T20:15:00+02:00,1466,1513,5,0,100,1512.33,1,-40.33,1,0,0,366.67,1,107.45
2025-06-25T20:30:00+02:00,1015,973,2,54,100,972.67,1,-12,1,0,0,31,1,91.03
2025-06-25T20:45:00+02:00,1042,350,0,671,99,349.67,1,12.33,1,0,0,0,0,87.97
2025-06-25T21:00:00+02:00,967,89,0,877,96,88.33,1,-7,1,0,0,0,0,86.5
2025-06-25T21:15:00+02:00,764,37,0,717,94,37,1,-4,1,0,0,0,0,86.9
2025-06-25T21:30:00+02:00,1500,16,0,1476,91,15.33,1,-15.33,1,0,0,0,0,87.83
2025-06-25T21:45:00+02:00,1393,3,0,1365,88,2.33,1,16,1,0,0,0,0,85.5
2025-06-25T22:00:00+02:00,1127,2,0,1142,83,1.33,1,-27,1,0,0,0,0,83
2025-06-25T22:15:00+02:00,1795,3,0,1762,79,2,1,6,1,0,0,0,0,81.67
2025-06-25T22:30:00+02:00,738,1,0,733,76,0.33,1,-22.33,1,0,0,0,0,81.1
2025-06-25T22:45:00+02:00,586,1,0,563,73,0,0,8,1,0,0,0,0,81.23
2025-06-25T23:00:00+02:00,465,0,0,463,72,0,0,-5.67,1,0,0,0,0,81.93
2025-06-25T23:15:00+02:00,2221,3,0,2197,67,2.67,1,3,1,0,0,0,0,82.57
2025-06-25T23:30:00+02:00,433,0,0,434,64,0,0,-14.67,1,0,0,0,0,83.03
2025-06-25T23:45:00+02:00,488,1,0,475,62,0,0,0,0,0,0,0,0,83.57
2025-06-26T00:00:00+02:00,385,0,0,385,61,0,0,-11,1,0,0,0,0,83.93
2025-06-26T00:15:00+02:00,499,0,0,456,60,0,0,27.33,1,0,0,0,0,83.97
2025-06-26T00:30:00+02:00,393,0,0,376,59,0,0,-0.33,1,0,0,0,0,83.43
2025-06-26T00:45:00+02:00,459,1,0,450,57,0,0,-2.33,1,0,0,0,0,83.17
2025-06-26T01:00:00+02:00,408,0,0,405,56,0,0,-7.33,1,0,0,0,0,82.37
2025-06-26T01:15:00+02:00,311,0,0,308,55,0,0,-15,1,0,0,0,0,81.87
2025-06-26T01:30:00+02:00,465,0,0,470,54,0.33,1,-33.33,1,0,0,0,0,81.8
2025-06-26T01:45:00+02:00,372,0,0,338,53,0,0,18.33,1,0,0,0,0,81.57
2025-06-26T02:00:00+02:00,492,1,0,491,51,0,0,-15,1,0,0,0,0,81.37
2025-06-26T02:15:00+02:00,338,0,0,335,50,0,0,-5.33,1,0,0,0,0,81.13
2025-06-26T02:30:00+02:00,344,0,0,327,49,0,0,5,1,0,0,0,0,80.97
2025-06-26T02:45:00+02:00,416,1,0,362,48,0,0,45.67,1,0,0,0,0,80.83
2025-06-26T03:00:00+02:00,364,0,0,358,47,0,0,-5,1,0,0,0,0,80.7
2025-06-26T03:15:00+02:00,395,0,0,375,46,0,0,3.67,1,0,0,0,0,80.63
2025-06-26T03:30:00+02:00,334,0,0,326,45,0,0,-1,1,0,0,0,0,80.5
2025-06-26T03:45:00+02:00,348,0,0,352,44,0,0,-14,1,0,0,0,0,80.4
2025-06-26T04:00:00+02:00,522,0,0,494,43,0,0,-9.33,1,0,0,0,0,80.33
2025-06-26T04:15:00+02:00,468,0,0,431,41,0,0,19,1,0,0,0,0,80.3
2025-06-26T04:30:00+02:00,442,1,0,440,40,0,0,-18.33,1,0,0,0,0,80.27
2025-06-26T04:45:00+02:00,305,0,0,304,39,0,0,-9,1,0,0,0,0,80.17
2025-06-26T05:00:00+02:00,374,0,0,371,38,0,0,-4.67,1,0,0,0,0,80.07
2025-06-26T05:15:00+02:00,404,1,0,399,37,0.33,1,-4.33,1,0,0,0,0,80
2025-06-26T05:30:00+02:00,398,6,0,374,35,5.67,1,10,1,0,0,0,0,79.97
2025-06-26T05:45:00+02:00,287,27,0,253,34,27,1,-10.33,1,0,0,0,0,79.9
2025-06-26T06:00:00+02:00,352,65,0,278,34,64.33,1,-6.67,1,0,0,0,0,79.8
2025-06-26T06:15:00+02:00,412,97,0,295,33,96.67,1,-0.67,1,0,0,0,0,79.77
2025-06-26T06:30:00+02:00,401,115,0,287,32,114.33,1,-8.67,1,0,0,0,0,79.77
2025-06-26T06:45:00+02:00,609,214,1,390,30,213.33,1,-13.33,1,0,0,0,0,79.7
2025-06-26T07:00:00+02:00,390,337,21,72,30,336,1,-4.67,1,0,0,0,0,79.63
2025-06-26T07:15:00+02:00,374,462,86,10,30,461.67,1,-9.67,1,0,0,0,0,79.5
2025-06-26T07:30:00+02:00,404,553,158,7,30,552.67,1,-1,1,0,0,0,0,79.43
2025-06-26T07:45:00+02:00,459,535,88,19,30,533.67,1,-5.67,1,0,0,0,0,79.33
2025-06-26T08:00:00+02:00,405,373,27,48,30,373,1,3.33,1,0,0,0,0,79.23
2025-06-26T08:15:00+02:00,327,642,332,9,31,642,1,9,1,0,0,0,0,79.1
2025-06-26T08:30:00+02:00,444,681,257,6,32,680,1,7.67,1,0,0,0,0,79.03
2025-06-26T08:45:00+02:00,461,762,328,7,33,761.67,1,13.67,1,0,0,0,0,78.97
2025-06-26T09:00:00+02:00,384,606,208,0,33,606,1,-21,1,0,0,0,0,78.87
2025-06-26T09:15:00+02:00,526,804,388,104,34,803,1,10.33,1,0,0,0,0,78.83
2025-06-26T09:30:00+02:00,364,1414,1053,1,36,1413.33,1,-1,1,0,0,0,0,78.57
2025-06-26T09:45:00+02:00,442,1354,926,0,38,1353,1,10.67,1,0,0,0,0,78
2025-06-26T10:00:00+02:00,370,1060,698,3,40,1059.67,1,1,1,0,0,0,0,77.83
2025-06-26T10:15:00+02:00,462,1318,876,2,42,1317,1,20.33,1,0,0,0,0,77.67
2025-06-26T10:30:00+02:00,448,1614,1163,0,45,1613.67,1,-11,1,0,0,0,0,77.53
2025-06-26T10:45:00+02:00,511,1588,1099,0,48,1588,1,21,1,0,0,0,0,77.47
2025-06-26T11:00:00+02:00,583,1875,1289,0,51,1874.67,1,-1,1,0,0,0,0,77.33
2025-06-26T11:15:00+02:00,494,2247,1772,0,55,2246,1,0,0,0,0,0,0,77.23
2025-06-26T11:30:00+02:00,453,3205,2759,0,61,3203.67,1,-5.33,1,0,0,0,0,77.23
2025-06-26T11:45:00+02:00,535,2782,2272,0,67,2780.67,1,-3.67,1,0,0,0,0,77.2
2025-06-26T12:00:00+02:00,758,2677,1976,5,73,2676.33,1,33.67,1,0,0,0,0,75.33
2025-06-26T12:15:00+02:00,500,2054,1553,0,77,2054,1,-1.33,1,0,0,0,0,73
2025-06-26T12:30:00+02:00,550,1921,1356,0,81,1921,1,-10,1,0,0,0,0,64.93
2025-06-26T12:45:00+02:00,520,2419,1916,0,85,2418,1,12.67,1,0,0,0,0,64.73
2025-06-26T13:00:00+02:00,452,2523,2078,0,90,2522.33,1,1.33,1,0,0,0,0,69.23
2025-06-26T13:15:00+02:00,2438,3585,408,54,98,3583.67,1,-804,1,0,0,2002.33,1,77.75
2025-06-26T13:30:00+02:00,2852,2896,2,16,100,2896,1,-56,1,0,0,2436.67,1,68.43
2025-06-26T13:45:00+02:00,2379,2452,2,87,100,2451.67,1,-160.33,1,0,0,2020.33,1,67.13
2025-06-26T14:00:00+02:00,1184,1229,3,0,99,1229,1,-41.67,1,0,0,815.67,1,75.23
2025-06-26T14:15:00+02:00,1656,1709,2,1,99,1708.67,1,-51.33,1,0,0,1191.33,1,96.1
2025-06-26T14:30:00+02:00,1951,2025,2,10,99,2024,1,-82,1,0,0,1510,1,100.63
2025-06-26T14:45:00+02:00,2431,2795,373,102,99,2794.67,1,-103,1,0,0,1922,1,87.5
2025-06-26T15:00:00+02:00,4891,5453,108,33,100,5452,1,-485,1,0,0,3333,1,71.77
2025-06-26T15:15:00+02:00,3145,3324,3,48,100,3324,1,-226,1,0,0,887,1,69.63
2025-06-26T15:30:00+02:00,4353,4751,5,86,100,4750.67,1,-476,1,0,0,3850,1,69.47
2025-06-26T15:45:00+02:00,4754,5428,501,201,99,5427.67,1,-377.33,1,0,0,3881.67,1,70.27
2025-06-26T16:00:00+02:00,3331,3338,3,217,100,3337.33,1,-242,1,0,0,2143.33,1,71
2025-06-26T16:15:00+02:00,3641,3615,2,220,99,3614.67,1,-191.33,1,0,0,2602.67,1,71.23
2025-06-26T16:30:00+02:00,3540,4490,515,75,100,4489.67,1,-545.67,1,0,0,2308.33,1,71.67
2025-06-26T16:45:00+02:00,2537,2588,2,139,99,2587.33,1,-200.67,1,0,0,1579,1,72.1
2025-06-26T17:00:00+02:00,1224,1278,3,0,99,1277.67,1,-49.67,1,0,0,361,1,71.9
2025-06-26T17:15:00+02:00,1384,1442,3,0,99,1441.33,1,-53.67,1,0,0,831,1,71.5
2025-06-26T17:30:00+02:00,1352,1398,3,71,99,1397.33,1,-120.33,1,0,0,715.67,1,71.43
2025-06-26T17:45:00+02:00,1444,1496,4,0,99,1495.67,1,-48,1,0,0,887.67,1,71.57
2025-06-26T18:00:00+02:00,2299,2936,433,97,99,2935.67,1,-395.33,1,0,0,1643.33,1,71.5
2025-06-26T18:15:00+02:00,5432,5525,10,0,100,5524,1,-78,1,0,0,4842,1,72.63
2025-06-26T18:30:00+02:00,5078,5138,8,26,100,5138,1,-77.33,1,0,0,4629.33,1,76.17
2025-06-26T18:45:00+02:00,1562,1537,0,119,99,1536.67,1,-96.33,1,0,0,1144.33,1,77.77
2025-06-26T19:00:00+02:00,1975,852,0,1155,98,850.67,1,-45,1,0,0,170,1,79.13
2025-06-26T19:15:00+02:00,2061,684,0,1374,93,683.67,1,-3.67,1,0,0,0,0,79.63
2025-06-26T19:30:00+02:00,3122,1577,190,1733,90,1576,1,-1.33,1,0,0,0,0,79.17
2025-06-26T19:45:00+02:00,2983,1237,45,1745,85,1236.67,1,-18.67,1,0,0,0,0,79.23
2025-06-26T20:00:00+02:00,1217,477,11,760,82,477,1,-11.67,1,0,0,0,0,79.53
2025-06-26T20:15:00+02:00,714,622,129,198,81,621.33,1,14.33,1,0,0,0,0,80.03
2025-06-26T20:30:00+02:00,624,273,0,342,81,273.33,1,-2.67,1,0,0,0,0,80.6
2025-06-26T20:45:00+02:00,717,540,48,206,80,539,1,15,1,0,0,0,0,81.1
2025-06-26T21:00:00+02:00,745,124,0,608,79,123.33,1,5,1,0,0,0,0,81.47
2025-06-26T21:15:00+02:00,1104,66,0,1027,76,65.67,1,-8.33,1,0,0,0,0,81.87
2025-06-26T21:30:00+02:00,522,20,0,477,73,19.33,1,12.67,1,0,0,0,0,82.1
2025-06-26T21:45:00+02:00,437,2,0,424,72,1,1,2.33,1,0,0,0,0,82.33
2025-06-26T22:00:00+02:00,479,1,0,487,71,0,0,-16.33,1,0,0,0,0,82.53
2025-06-26T22:15:00+02:00,502,1,0,482,69,0,0,7.67,1,0,0,0,0,82.73
2025-06-26T22:30:00+02:00,483,1,0,480,67,0,0,-9.67,1,0,0,0,0,82.83
2025-06-26T22:45:00+02:00,586,0,0,549,65,0.33,1,-1.33,1,0,0,0,0,83
2025-06-26T23:00:00+02:00,480,0,0,456,64,0,0,2.67,1,0,0,0,0,83.07
2025-06-26T23:15:00+02:00,466,0,0,446,62,0,0,5.33,1,0,0,0,0,83.2
2025-06-26T23:30:00+02:00,489,1,0,455,60,0,0,16,1,0,0,0,0,83.27
2025-06-26T23:45:00+02:00,509,1,0,491,59,0,0,2.33,1,0,0,0,0,83.27
2025-06-27T00:00:00+02:00,399,0,0,368,58,0,0,12.33,1,0,0,0,0,83.4
2025-06-27T00:15:00+02:00,369,0,0,355,56,0,0,3,1,0,0,0,0,83.43
2025-06-27T00:30:00+02:00,445,1,0,436,55,0,0,1.67,1,0,0,0,0,83.6
2025-06-27T00:45:00+02:00,365,0,0,356,54,0,0,-10,1,0,0,0,0,83.67
2025-06-27T01:00:00+02:00,371,0,0,336,53,0,0,11.67,1,0,0,0,0,83.77
2025-06-27T01:15:00+02:00,462,0,0,462,52,0.33,1,-8,1,0,0,0,0,83.9
2025-06-27T01:30:00+02:00,394,0,0,365,51,0,0,10,1,0,0,0,0,83.93
2025-06-27T01:45:00+02:00,412,0,0,390,49,0,0,7,1,0,0,0,0,84.23
2025-06-27T02:00:00+02:00,393,0,0,382,48,0,0,-6.67,1,0,0,0,0,84.43
2025-06-27T02:15:00+02:00,420,0,0,393,47,0,0,10.33,1,0,0,0,0,84.67
2025-06-27T02:30:00+02:00,351,0,0,318,46,0,0,14,1,0,0,0,0,84.83
2025-06-27T02:45:00+02:00,449,0,0,378,45,0,0,59,1,0,0,0,0,85.1
2025-06-27T03:00:00+02:00,416,1,0,397,44,0,0,-0.33,1,0,0,0,0,85.33
2025-06-27T03:15:00+02:00,401,1,0,370,43,0,0,16.67,1,0,0,0,0,85.63
2025-06-27T03:30:00+02:00,321,0,0,317,42,0,0,-3.67,1,0,0,0,0,85.93
2025-06-27T03:45:00+02:00,460,1,0,446,40,0.33,1,-15.67,1,0,0,0,0,86.23
2025-06-27T04:00:00+02:00,430,1,0,424,39,0,0,-8.67,1,0,0,0,0,86.5
2025-06-27T04:15:00+02:00,312,0,0,291,38,0,0,5,1,0,0,0,0,87
2025-06-27T04:30:00+02:00,357,1,0,350,37,0,0,-11.67,1,0,0,0,0,87.4
2025-06-27T04:45:00+02:00,397,1,0,397,36,0,0,-13.33,1,0,0,0,0,87.93
2025-06-27T05:00:00+02:00,405,1,0,405,35,0,0,-11,1,0,0,0,0,88.53
2025-06-27T05:15:00+02:00,583,2,0,532,33,1.67,1,30,1,0,0,0,0,88.97
2025-06-27T05:30:00+02:00,411,14,0,396,32,13.67,1,-12,1,0,0,0,0,89.43
2025-06-27T05:45:00+02:00,352,43,0,300,31,42.67,1,-7,1,0,0,0,0,89.83
2025-06-27T06:00:00+02:00,490,92,0,384,30,92.33,1,-14,1,0,0,0,0,89.77
2025-06-27T06:15:00+02:00,445,152,1,258,29,151.67,1,23.33,1,0,0,0,0,90.17
2025-06-27T06:30:00+02:00,366,167,0,196,28,167,1,-9.33,1,0,0,0,0,91
2025-06-27T06:45:00+02:00,377,193,1,171,28,192.33,1,-1,1,0,0,0,0,91.4
2025-06-27T07:00:00+02:00,413,252,0,138,27,251,1,13.67,1,0,0,0,0,92.33
2025-06-27T07:15:00+02:00,375,328,3,52,27,327.67,1,-15,1,0,0,0,0,93.3
2025-06-27T07:30:00+02:00,538,414,6,106,27,413.33,1,14.67,1,0,0,0,0,94.13
2025-06-27T07:45:00+02:00,722,628,177,258,27,627.33,1,13,1,0,0,0,0,94.73
2025-06-27T08:00:00+02:00,939,791,274,448,26,790,1,-28.67,1,0,0,0,0,95.47
2025-06-27T08:15:00+02:00,1582,689,71,966,24,688.67,1,-7,1,0,0,0,0,96.93
2025-06-27T08:30:00+02:00,1279,810,208,629,24,809,1,38,1,0,0,0,0,98.2
2025-06-27T08:45:00+02:00,911,976,439,378,22,975,1,-19.67,1,0,0,0,0,99.73
2025-06-27T09:00:00+02:00,407,898,473,6,24,897.33,1,-29.33,1,0,0,0,0,102.2
2025-06-27T09:15:00+02:00,477,1040,563,10,25,1039.67,1,-13,1,0,0,0,0,105.13
2025-06-27T09:30:00+02:00,1887,1459,246,653,25,1458.67,1,17,1,0,0,0,0,109.37
2025-06-27T09:45:00+02:00,504,1678,1234,17,26,1677,1,20,1,0,0,0,0,116.63
2025-06-27T10:00:00+02:00,474,1912,1466,6,30,1912,1,13.33,1,0,0,0,0,0
2025-06-27T10:15:00+02:00,345,1861,1508,0,33,1860.67,1,-5,1,0,0,0,0,0
2025-06-27T10:30:00+02:00,502,1932,1470,0,37,1931,1,28.67,1,0,0,0,0,0
2025-06-27T10:45:00+02:00,431,2157,1712,0,41,2156.33,1,-12,1,0,0,0,0,114.57
2025-06-27T11:00:00+02:00,594,1670,1078,0,44,1669.67,1,0.33,1,0,0,0,0,108.6
2025-06-27T11:15:00+02:00,494,1699,1227,7,47,1698.33,1,12,1,0,0,0,0,104.83
2025-06-27T11:30:00+02:00,521,2452,1928,0,52,2451.67,1,-16,1,0,0,0,0,97.4
2025-06-27T11:45:00+02:00,425,2448,2025,0,56,2447.33,1,-3.33,1,0,0,0,0,92.1
2025-06-27T12:00:00+02:00,442,2887,2436,0,62,2886,1,-9.33,1,0,0,0,0,99.3
2025-06-27T12:15:00+02:00,644,2753,2114,0,68,2753.33,1,6,1,0,0,0,0,65.6
2025-06-27T12:30:00+02:00,570,2626,2058,0,73,2625.67,1,-18.67,1,0,0,0,0,63.77
2025-06-27T12:45:00+02:00,573,2446,1873,0,77,2445,1,4,1,0,0,0,0,60.8
2025-06-27T13:00:00+02:00,491,2028,1536,0,81,2027.33,1,2,1,0,0,0,0,59.97
2025-06-27T13:15:00+02:00,484,2324,1817,0,86,2323.33,1,-16,1,0,0,0,0,59.9
2025-06-27T13:30:00+02:00,898,2931,1383,17,94,2930.33,1,-724.67,1,0,0,500.67,1,59.4
2025-06-27T13:45:00+02:00,4251,4594,16,77,100,4594,1,-404.67,1,0,0,3890.33,1,59.4
2025-06-27T14:00:00+02:00,5471,5945,7,93,100,5944.67,1,-559,1,0,0,4850,1,59.83
2025-06-27T14:15:00+02:00,5510,5887,6,151,99,5886.33,1,-518,1,0,0,4999.33,1,60.33
2025-06-27T14:30:00+02:00,5455,6428,566,156,99,6427.67,1,-634.67,1,0,0,4953.33,1,60.93
2025-06-27T14:45:00+02:00,5055,5556,58,225,100,5555.67,1,-673.67,1,0,0,4605.33,1,61.7
2025-06-27T15:00:00+02:00,5252,5868,196,140,99,5867.33,1,-701.33,1,0,0,4699.67,1,62.6
2025-06-27T15:15:00+02:00,5374,6088,268,121,100,6087.67,1,-648.33,1,0,0,4856,1,63.57
2025-06-27T15:30:00+02:00,3462,3668,4,185,99,3667.67,1,-391.67,1,0,0,2958.33,1,64.3
2025-06-27T15:45:00+02:00,5559,6740,496,113,100,6739.67,1,-881.33,1,0,0,5023.33,1,65.13
2025-06-27T16:00:00+02:00,4202,4615,6,106,100,4614.67,1,-512,1,0,0,3882.67,1,66.2
2025-06-27T16:15:00+02:00,1718,1769,3,1,100,1768.33,1,-49.33,1,0,0,1381.33,1,66.43
2025-06-27T16:30:00+02:00,883,928,1,0,100,927.33,1,-40.67,1,0,0,446.67,1,66.67
2025-06-27T16:45:00+02:00,2692,2767,3,72,100,2766.33,1,-142.33,1,0,0,2413.33,1,66.83
2025-06-27T17:00:00+02:00,3837,4161,103,127,99,4160.33,1,-370,1,0,0,3528.67,1,67.43
2025-06-27T17:15:00+02:00,4717,5283,327,83,100,5282.67,1,-347.33,1,0,0,4213.33,1,68.3
2025-06-27T17:30:00+02:00,3884,4106,4,123,100,4104.67,1,-344.33,1,0,0,3503.67,1,68.97
2025-06-27T17:45:00+02:00,3312,3347,6,62,99,3346,1,-90.67,1,0,0,2835.67,1,69.93
2025-06-27T18:00:00+02:00,3071,4568,453,107,100,4567.33,1,-1171,1,0,0,2720,1,70.93
2025-06-27T18:15:00+02:00,1470,1791,1,188,100,1790.33,1,-510.33,1,0,0,1081.33,1,72.63
2025-06-27T18:30:00+02:00,1354,3243,3,88,99,3242.33,1,-1975.67,1,0,0,952.33,1,72.67
2025-06-27T18:45:00+02:00,1867,4943,9,0,99,4942.67,1,-3064,1,0,0,1423.67,1,72.43
2025-06-27T19:00:00+02:00,1011,2323,445,79,99,2322.33,1,-1000.67,1,0,0,623.33,1,73.3
2025-06-27T19:15:00+02:00,1861,3552,60,7,100,3551.67,1,-1637,1,0,0,1592.67,1,73.23
2025-06-27T19:30:00+02:00,1674,3329,6,14,100,3329,1,-1662.67,1,0,0,1310.33,1,72.97
2025-06-27T19:45:00+02:00,1197,2891,6,0,100,2891,1,-1686,1,0,0,873.33,1,73.17
2025-06-27T20:00:00+02:00,1519,2454,4,75,100,2452.67,1,-1003.67,1,0,0,936,1,73.33
2025-06-27T20:15:00+02:00,1621,1914,1,129,99,1913.33,1,-423.33,1,0,0,1257.33,1,73.2
2025-06-27T20:30:00+02:00,1294,1341,3,0,99,1341.33,1,-43,1,0,0,988,1,73.57
2025-06-27T20:45:00+02:00,708,681,1,61,99,680.33,1,-33.67,1,0,0,342.67,1,73.97
2025-06-27T21:00:00+02:00,577,111,0,443,98,111,1,11,1,0,0,0,0,74.47
2025-06-27T21:15:00+02:00,525,47,0,467,96,46.67,1,-0.67,1,0,0,0,0,75.13
2025-06-27T21:30:00+02:00,402,19,0,382,95,18.67,1,-10.33,1,0,0,0,0,76.13
2025-06-27T21:45:00+02:00,426,2,0,405,94,1.67,1,3.67,1,0,0,0,0,77.13
2025-06-27T22:00:00+02:00,488,1,0,465,92,0.67,1,12.67,1,0,0,0,0,77.77
2025-06-27T22:15:00+02:00,341,1,0,329,91,0,0,2,1,0,0,0,0,78
2025-06-27T22:30:00+02:00,370,1,0,356,90,0,0,-1.33,1,0,0,0,0,78.3
2025-06-27T22:45:00+02:00,529,1,0,502,89,0.33,1,8.33,1,0,0,0,0,78.33
2025-06-27T23:00:00+02:00,366,1,0,362,88,0,0,-7.33,1,0,0,0,0,77.87
2025-06-27T23:15:00+02:00,422,1,0,410,87,0,0,-1.67,1,0,0,0,0,77.4
2025-06-27T23:30:00+02:00,357,1,0,327,86,0,0,17.33,1,0,0,0,0,77.3
2025-06-27T23:45:00+02:00,433,1,0,402,85,0,0,6.33,1,0,0,0,0,77.1
2025-06-28T00:00:00+02:00,310,0,0,304,84,0,0,-4.67,1,0,0,0,0,77
2025-06-28T00:15:00+02:00,408,1,0,393,83,0,0,5,1,0,0,0,0,76.93
2025-06-28T00:30:00+02:00,457,1,0,439,81,0,0,9.33,1,0,0,0,0,76.9
2025-06-28T00:45:00+02:00,335,1,0,310,80,0,0,8,1,0,0,0,0,76.83
2025-06-28T01:00:00+02:00,382,1,0,364,79,0,0,6.33,1,0,0,0,0,76.7
2025-06-28T01:15:00+02:00,326,1,0,318,78,0,0,-12,1,0,0,0,0,76.77
2025-06-28T01:30:00+02:00,649,1,0,616,77,0.33,1,6,1,0,0,0,0,76.7
2025-06-28T01:45:00+02:00,384,0,0,366,75,0,0,-4,1,0,0,0,0,76.67
2025-06-28T02:00:00+02:00,348,0,0,330,74,0,0,3.67,1,0,0,0,0,76.63
2025-06-28T02:15:00+02:00,388,1,0,375,74,0,0,-11.67,1,0,0,0,0,76.6
2025-06-28T02:30:00+02:00,354,0,0,339,73,0,0,-14.67,1,0,0,0,0,76.6
2025-06-28T02:45:00+02:00,441,1,0,377,71,0,0,52,1,0,0,0,0,76.53
2025-06-28T03:00:00+02:00,358,1,0,328,70,0,0,15,1,0,0,0,0,76.5
2025-06-28T03:15:00+02:00,363,1,0,347,69,0,0,-0.67,1,0,0,0,0,76.47
2025-06-28T03:30:00+02:00,406,1,0,384,68,0,0,3,1,0,0,0,0,76.4
2025-06-28T03:45:00+02:00,581,1,0,550,67,0.33,1,14.67,1,0,0,0,0,76.4
2025-06-28T04:00:00+02:00,423,1,0,421,66,0,0,-19.67,1,0,0,0,0,76.4
2025-06-28T04:15:00+02:00,328,1,0,327,65,0,0,-6.67,1,0,0,0,0,76.3
2025-06-28T04:30:00+02:00,351,1,0,348,64,0,0,-14,1,0,0,0,0,76.33
2025-06-28T04:45:00+02:00,312,1,0,315,63,0,0,-11.67,1,0,0,0,0,76.2
2025-06-28T05:00:00+02:00,361,1,0,360,62,0.33,1,-12.33,1,0,0,0,0,76.23
2025-06-28T05:15:00+02:00,371,6,0,379,61,5.33,1,-30.33,1,0,0,0,0,76.2
2025-06-28T05:30:00+02:00,300,28,0,251,60,27.33,1,6.67,1,0,0,0,0,76.13
2025-06-28T05:45:00+02:00,362,58,0,279,60,57.33,1,10.33,1,0,0,0,0,76.13
2025-06-28T06:00:00+02:00,429,98,0,315,59,97.33,1,7.67,1,0,0,0,0,76.1
2025-06-28T06:15:00+02:00,552,143,0,395,58,142.67,1,-6.67,1,0,0,0,0,76.07
2025-06-28T06:30:00+02:00,399,191,0,182,57,191,1,5.67,1,0,0,0,0,76
2025-06-28T06:45:00+02:00,296,248,0,45,57,247.67,1,-14.67,1,0,0,0,0,75.97
2025-06-28T07:00:00+02:00,387,231,1,152,57,230.67,1,-2,1,0,0,0,0,76
2025-06-28T07:15:00+02:00,402,244,0,150,56,242.67,1,-14,1,0,0,0,0,75.93
2025-06-28T07:30:00+02:00,291,255,0,42,56,254.33,1,-15.67,1,0,0,0,0,75.9
2025-06-28T07:45:00+02:00,380,278,1,99,56,277,1,-1.33,1,0,0,0,0,75.8
2025-06-28T08:00:00+02:00,313,338,39,11,56,337,1,0.67,1,0,0,0,0,75.6
2025-06-28T08:15:00+02:00,422,412,36,34,56,411,1,5,1,0,0,0,0,75.43
2025-06-28T08:30:00+02:00,459,460,18,18,56,459.67,1,-9.33,1,0,0,0,0,75.27
2025-06-28T08:45:00+02:00,474,485,140,139,56,484.67,1,-6.67,1,0,0,0,0,75.13
2025-06-28T09:00:00+02:00,382,530,138,0,56,529.33,1,-9,1,0,0,0,0,75.1
2025-06-28T09:15:00+02:00,298,600,313,4,56,600,1,-0.67,1,0,0,0,0,75
2025-06-28T09:30:00+02:00,437,657,228,11,57,656.33,1,-0.67,1,0,0,0,0,74.93
2025-06-28T09:45:00+02:00,369,707,347,5,58,707,1,-4.33,1,0,0,0,0,74.9
2025-06-28T10:00:00+02:00,1520,831,173,872,58,831.33,1,-19.33,1,0,0,0,0,74.87
2025-06-28T10:15:00+02:00,500,1161,654,5,58,1161.33,1,-10.33,1,0,0,0,0,74.8
2025-06-28T10:30:00+02:00,393,1539,1147,0,60,1538.67,1,-1.33,1,0,0,0,0,74.8
2025-06-28T10:45:00+02:00,649,1907,1245,0,63,1906.33,1,-5.67,1,0,0,0,0,74.8
2025-06-28T11:00:00+02:00,428,2308,1885,0,67,2307,1,6,1,0,0,0,0,74.77
2025-06-28T11:15:00+02:00,419,2785,2361,1,73,2784.67,1,-12.67,1,0,0,0,0,74.8
2025-06-28T11:30:00+02:00,321,3254,2913,0,79,3253.33,1,-13.67,1,0,0,0,0,74.83
2025-06-28T11:45:00+02:00,360,3552,3191,0,87,3552,1,-11,1,0,0,0,0,74.83
2025-06-28T12:00:00+02:00,683,3673,2862,0,94,3672.33,1,-119.67,1,0,0,0,0,71.67
2025-06-28T12:15:00+02:00,3317,4102,82,0,100,4102,1,-700.33,1,0,0,2930.67,1,62.8
2025-06-28T12:30:00+02:00,4450,4515,8,0,100,4514.33,1,-53.33,1,0,0,3952,1,61.3
2025-06-28T12:45:00+02:00,4772,4833,8,0,100,4832.67,1,-50.67,1,0,0,4271,1,61.3
2025-06-28T13:00:00+02:00,4973,5041,8,0,100,5039.67,1,-55.33,1,0,0,4559,1,61.3
2025-06-28T13:15:00+02:00,5276,5340,8,0,100,5339,1,-52,1,0,0,4877.33,1,61.4
2025-06-28T13:30:00+02:00,5542,5608,9,0,100,5607.67,1,-53,1,0,0,5207.33,1,61.77
2025-06-28T13:45:00+02:00,5829,5894,10,0,100,5893.33,1,-51.67,1,0,0,5474,1,62.3
2025-06-28T14:00:00+02:00,5473,5522,7,77,100,5521.33,1,-115.67,1,0,0,4947,1,63.33
2025-06-28T14:15:00+02:00,6053,6112,9,39,99,6111.33,1,-86.67,1,0,0,5650.67,1,64.4
2025-06-28T14:30:00+02:00,6257,6321,10,0,99,6321,1,-49.67,1,0,0,5772.67,1,65.53
2025-06-28T14:45:00+02:00,6200,6263,10,0,99,6262.67,1,-48.67,1,0,0,5764.33,1,66.7
2025-06-28T15:00:00+02:00,5923,5984,10,64,99,5983.67,1,-113.33,1,0,0,5401,1,67.87
2025-06-28T15:15:00+02:00,6323,6442,12,8,99,6441.67,1,-112,1,0,0,5721,1,69
2025-06-28T15:30:00+02:00,6472,6557,67,7,99,6556.67,1,-40.33,1,0,0,5948.33,1,70.1
2025-06-28T15:45:00+02:00,5296,5659,387,127,100,5658.33,1,-222.67,1,0,0,4667.67,1,71.27
2025-06-28T16:00:00+02:00,5696,6176,10,16,100,6175,1,-484.33,1,0,0,5228.67,1,74.13
2025-06-28T16:15:00+02:00,2747,3153,4,70,99,3152.33,1,-472.33,1,0,0,2282,1,75.3
2025-06-28T16:30:00+02:00,857,1720,1,87,99,1719.67,1,-960,1,0,0,482,1,74.67
2025-06-28T16:45:00+02:00,767,1351,536,121,99,1351.33,1,-227.33,1,0,0,318.67,1,74.47
2025-06-28T17:00:00+02:00,2781,3029,4,75,100,3028.33,1,-318.67,1,0,0,2385.33,1,75
2025-06-28T17:15:00+02:00,1110,6498,12,0,100,6497.67,1,-5371.67,1,0,0,504,1,76.83
2025-06-28T17:30:00+02:00,1280,5748,11,0,100,5746.67,1,-4452,1,0,0,667.67,1,81.4
2025-06-28T17:45:00+02:00,953,5789,11,0,100,5788,1,-4818.67,1,0,0,576,1,84.53
2025-06-28T18:00:00+02:00,765,5319,10,0,100,5318.67,1,-4540.33,1,0,0,416.33,1,82.93
2025-06-28T18:15:00+02:00,872,5038,9,0,100,5038,1,-4153,1,0,0,499.67,1,78.97
2025-06-28T18:30:00+02:00,950,4772,188,0,100,4770.67,1,-3629.67,1,0,0,515.33,1,78.07
2025-06-28T18:45:00+02:00,926,4476,8,0,100,4476,1,-3539.67,1,0,0,499.33,1,78.17
2025-06-28T19:00:00+02:00,828,4130,7,0,100,4130.33,1,-3292.33,1,0,0,524,1,78.13
2025-06-28T19:15:00+02:00,828,3778,6,0,100,3777.67,1,-2940.67,1,0,0,458.67,1,78.97
2025-06-28T19:30:00+02:00,902,3399,6,0,100,3398.33,1,-2488,1,0,0,499,1,82.7
2025-06-28T19:45:00+02:00,929,3003,5,0,100,3002.33,1,-2065.33,1,0,0,432.33,1,0
2025-06-28T20:00:00+02:00,800,2579,5,0,100,2578.33,1,-1771,1,0,0,410,1,95.6
2025-06-28T20:15:00+02:00,815,2162,3,26,100,2161.67,1,-1368,1,0,0,455.67,1,78.27
2025-06-28T20:30:00+02:00,751,1665,0,95,100,1664.67,1,-1020.67,1,0,0,455.33,1,76.67
2025-06-28T20:45:00+02:00,709,789,0,272,99,788.33,1,-400,1,0,0,325.33,1,76.3
2025-06-28T21:00:00+02:00,2433,133,0,2218,95,133,1,42,1,0,0,0,0,76.23
2025-06-28T21:15:00+02:00,1964,76,1,1629,90,75.67,1,126,1,0,0,0,0,77.2
2025-06-28T21:30:00+02:00,598,31,0,555,87,30.67,1,-6,1,0,0,0,0,88.97
2025-06-28T21:45:00+02:00,638,6,0,612,85,6,1,8.67,1,0,0,0,0,100.3
2025-06-28T22:00:00+02:00,542,1,0,526,83,0.33,1,1.33,1,0,0,0,0,0
2025-06-28T22:15:00+02:00,489,1,0,489,81,0,0,-18,1,0,0,0,0,0
2025-06-28T22:30:00+02:00,425,1,0,393,79,0,0,4.67,1,0,0,0,0,0
2025-06-28T22:45:00+02:00,375,1,0,356,79,0,0,3,1,0,0,0,0,108.1
2025-06-28T23:00:00+02:00,525,1,0,500,77,0,0,6.33,1,0,0,0,0,85.37
2025-06-28T23:15:00+02:00,618,1,0,603,75,0.33,1,-16.67,1,0,0,0,0,82.13
2025-06-28T23:30:00+02:00,643,1,0,597,73,0,0,26.67,1,0,0,0,0,82.57
2025-06-28T23:45:00+02:00,418,1,0,408,71,0,0,-14.67,1,0,0,0,0,87.07
2025-06-29T00:00:00+02:00,474,1,0,448,70,0,0,7,1,0,0,0,0,99.33
2025-06-29T00:15:00+02:00,530,1,0,499,68,0,0,17.33,1,0,0,0,0,0
2025-06-29T00:30:00+02:00,425,1,0,408,67,0,0,7,1,0,0,0,0,0
2025-06-29T00:45:00+02:00,484,1,0,481,65,0,0,-19,1,0,0,0,0,0
2025-06-29T01:00:00+02:00,382,1,0,384,64,0,0,-10.33,1,0,0,0,0,107.6
2025-06-29T01:15:00+02:00,487,1,0,484,62,0,0,-4,1,0,0,0,0,98.67
2025-06-29T01:30:00+02:00,521,1,0,506,60,0.33,1,1.67,1,0,0,0,0,94.27
2025-06-29T01:45:00+02:00,370,1,0,347,59,0,0,1.33,1,0,0,0,0,92.77
2025-06-29T02:00:00+02:00,596,1,0,558,58,0.33,1,10,1,0,0,0,0,92.73
2025-06-29T02:15:00+02:00,427,1,0,404,57,0,0,5,1,0,0,0,0,92.73
2025-06-29T02:30:00+02:00,453,1,0,440,56,0,0,1.33,1,0,0,0,0,91.9
2025-06-29T02:45:00+02:00,371,1,0,313,55,0,0,43.67,1,0,0,0,0,89.1
2025-06-29T03:00:00+02:00,388,1,0,372,54,0,0,-4.33,1,0,0,0,0,83.3
2025-06-29T03:15:00+02:00,397,1,0,391,52,0,0,-7,1,0,0,0,0,80.7
2025-06-29T03:30:00+02:00,396,1,0,365,51,0,0,3,1,0,0,0,0,79.43
2025-06-29T03:45:00+02:00,430,1,0,432,50,0,0,-19.33,1,0,0,0,0,78.83
2025-06-29T04:00:00+02:00,398,1,0,398,49,0,0,-16.67,1,0,0,0,0,78.47
2025-06-29T04:15:00+02:00,289,0,0,285,48,0,0,-4.33,1,0,0,0,0,78.33
2025-06-29T04:30:00+02:00,489,0,0,469,47,0.33,1,5,1,0,0,0,0,78.13
2025-06-29T04:45:00+02:00,428,1,0,420,45,0,0,0,0,0,0,0,0,77.9
2025-06-29T05:00:00+02:00,384,1,0,350,44,0,0,19.33,1,0,0,0,0,77.77
2025-06-29T05:15:00+02:00,289,5,0,270,43,4,1,3,1,0,0,0,0,77.63
2025-06-29T05:30:00+02:00,383,27,0,341,42,26.67,1,2.67,1,0,0,0,0,77.57
2025-06-29T05:45:00+02:00,440,57,0,373,41,56.67,1,-1.33,1,0,0,0,0,77.5
2025-06-29T06:00:00+02:00,379,93,0,271,40,92.67,1,-0.33,1,0,0,0,0,77.47
2025-06-29T06:15:00+02:00,395,129,0,266,39,128.33,1,-6.33,1,0,0,0,0,77.5
2025-06-29T06:30:00+02:00,355,158,2,174,38,158,1,10.67,1,0,0,0,0,77.4
2025-06-29T06:45:00+02:00,356,185,0,156,38,184.67,1,8.67,1,0,0,0,0,77.43
2025-06-29T07:00:00+02:00,409,208,0,199,37,208,1,-15.67,1,0,0,0,0,77.43
2025-06-29T07:15:00+02:00,439,230,1,202,37,229,1,-1.33,1,0,0,0,0,77.43
2025-06-29T07:30:00+02:00,402,248,0,134,37,247.67,1,9.33,1,0,0,0,0,77.47
2025-06-29T07:45:00+02:00,349,272,3,72,37,272,1,3,1,0,0,0,0,77.4
2025-06-29T08:00:00+02:00,433,324,1,111,36,322.67,1,-6,1,0,0,0,0,77.37
2025-06-29T08:15:00+02:00,401,380,26,54,36,379.67,1,-5.33,1,0,0,0,0,77.37
2025-06-29T08:30:00+02:00,353,403,69,23,36,402.67,1,-1,1,0,0,0,0,77.3
2025-06-29T08:45:00+02:00,473,420,9,55,36,419.67,1,1.33,1,0,0,0,0,77.33
2025-06-29T09:00:00+02:00,303,431,126,6,36,430.33,1,-2.67,1,0,0,0,0,77.37
2025-06-29T09:15:00+02:00,402,441,51,19,36,440.33,1,-16.33,1,0,0,0,0,77.3
2025-06-29T09:30:00+02:00,453,448,34,33,36,447,1,-5.67,1,0,0,0,0,77.3
2025-06-29T09:45:00+02:00,327,460,147,6,36,460,1,10,1,0,0,0,0,77.4
2025-06-29T10:00:00+02:00,474,571,188,122,36,571,1,-35,1,0,0,0,0,77.47
2025-06-29T10:15:00+02:00,363,850,491,0,37,848.67,1,-5.67,1,0,0,0,0,77.53
2025-06-29T10:30:00+02:00,497,1264,764,0,39,1263,1,-1,1,0,0,0,0,77.67
2025-06-29T10:45:00+02:00,358,1712,1360,0,42,1711,1,9.67,1,0,0,0,0,77.73
2025-06-29T11:00:00+02:00,373,2174,1795,0,46,2173.67,1,-12,1,0,0,0,0,77.83
2025-06-29T11:15:00+02:00,551,2641,2090,0,51,2640.33,1,5,1,0,0,0,0,78.03
2025-06-29T11:30:00+02:00,431,3085,2646,0,57,3085,1,-7.67,1,0,0,0,0,78.23
2025-06-29T11:45:00+02:00,539,3329,2794,0,63,3329,1,11.67,1,0,0,0,0,78.47
2025-06-29T12:00:00+02:00,497,3547,3058,0,70,3546.33,1,10.33,1,0,0,0,0,77.77
2025-06-29T12:15:00+02:00,704,3953,3272,0,78,3952,1,3.33,1,0,0,0,0,68.53
2025-06-29T12:30:00+02:00,659,4285,3340,0,87,4284.67,1,-311,1,0,0,0,0,69.23
2025-06-29T12:45:00+02:00,4090,4692,112,24,99,4692,1,-542.67,1,0,0,3379.33,1,65.8
2025-06-29T13:00:00+02:00,4976,5040,7,0,100,5039.67,1,-53.67,1,0,0,4391.33,1,62.73
2025-06-29T13:15:00+02:00,5596,5663,7,0,100,5663.33,1,-56.33,1,0,0,5041.33,1,62.47
2025-06-29T13:30:00+02:00,4794,4837,3,298,99,4837,1,-341.33,1,0,0,4391.67,1,63.2
2025-06-29T13:45:00+02:00,5253,5780,559,77,100,5779,1,-207.67,1,0,0,4500.67,1,64.03
2025-06-29T14:00:00+02:00,4558,4558,4,221,100,4558.33,1,-247.33,1,0,0,4246.33,1,65.23
2025-06-29T14:15:00+02:00,2389,2689,309,103,99,2688.67,1,-200,1,0,0,1864,1,65.83
2025-06-29T14:30:00+02:00,4221,4866,168,113,100,4865.67,1,-588,1,0,0,3799.67,1,66.23
2025-06-29T14:45:00+02:00,5903,6122,6,136,100,6122,1,-345,1,0,0,5470,1,67.3
2025-06-29T15:00:00+02:00,1916,1987,2,42,99,1986.67,1,-111,1,0,0,1446.67,1,67.8
2025-06-29T15:15:00+02:00,3424,3988,471,109,99,3987.33,1,-358.67,1,0,0,2843,1,68.17
2025-06-29T15:30:00+02:00,6245,6307,10,0,100,6307,1,-48.67,1,0,0,5728,1,69.1
2025-06-29T15:45:00+02:00,6392,6440,9,75,100,6439.67,1,-111.67,1,0,0,5870.67,1,70.33
2025-06-29T16:00:00+02:00,6408,6564,11,55,100,6562.67,1,-200,1,0,0,5777,1,71.83
2025-06-29T16:15:00+02:00,4274,6041,10,106,99,6040.67,1,-1860.67,1,0,0,3713,1,73.93
2025-06-29T16:30:00+02:00,1014,6410,12,0,99,6409.67,1,-5380.33,1,0,0,493.67,1,77
2025-06-29T16:45:00+02:00,1455,6029,11,0,99,6028.67,1,-4559.33,1,0,0,763,1,105.1
2025-06-29T17:00:00+02:00,1375,5872,10,0,99,5871.67,1,-4482,1,0,0,849,1,101.3
2025-06-29T17:15:00+02:00,1239,5717,10,0,99,5717,1,-4463.67,1,0,0,690.33,1,83.4
2025-06-29T17:30:00+02:00,1392,5575,10,0,99,5574.67,1,-4169.33,1,0,0,927.33,1,78.33
2025-06-29T17:45:00+02:00,1198,5382,9,0,99,5381.67,1,-4171,1,0,0,724.33,1,76.17
2025-06-29T18:00:00+02:00,1095,5295,8,0,99,5294.67,1,-4187.67,1,0,0,704,1,75.43
2025-06-29T18:15:00+02:00,1096,4964,394,0,100,4963.67,1,-3497.33,1,0,0,593,1,74.9
2025-06-29T18:30:00+02:00,1191,4672,7,0,100,4671.33,1,-3471,1,0,0,658,1,74.5
2025-06-29T18:45:00+02:00,1167,4376,6,0,100,4375.67,1,-3199.33,1,0,0,565.67,1,74.43
2025-06-29T19:00:00+02:00,1199,3972,5,0,100,3971.33,1,-2764,1,0,0,629.67,1,75.6
2025-06-29T19:15:00+02:00,3102,3618,0,224,99,3617.67,1,-740.33,1,0,0,481,1,92.9
2025-06-29T19:30:00+02:00,2380,3232,344,133,99,3231.67,1,-663.67,1,0,0,454.33,1,112.6
2025-06-29T19:45:00+02:00,1671,2763,215,7,100,2762,1,-915.33,1,0,0,365.33,1,0
2025-06-29T20:00:00+02:00,1200,2224,2,33,100,2223.33,1,-1056.67,1,0,0,686.67,1,0
2025-06-29T20:15:00+02:00,1045,1822,0,131,100,1821.67,1,-912,1,0,0,494,1,102.2
2025-06-29T20:30:00+02:00,966,1246,195,222,99,1246,1,-354.33,1,0,0,429.33,1,91.2
2025-06-29T20:45:00+02:00,707,376,80,362,99,376.33,1,29.67,1,0,0,0,0,88.07
2025-06-29T21:00:00+02:00,2665,122,0,2520,94,122,1,16,1,0,0,0,0,92.3
2025-06-29T21:15:00+02:00,1146,59,0,1052,90,58.33,1,-7,1,0,0,0,0,97.47
2025-06-29T21:30:00+02:00,1773,31,0,1756,85,30.67,1,-33,1,0,0,0,0,99.17
2025-06-29T21:45:00+02:00,463,3,0,454,83,2.67,1,-7.33,1,0,0,0,0,92.87
2025-06-29T22:00:00+02:00,467,1,0,440,81,0,0,14.33,1,0,0,0,0,86.7
2025-06-29T22:15:00+02:00,437,1,0,415,80,0,0,2.67,1,0,0,0,0,87
2025-06-29T22:30:00+02:00,657,1,0,656,78,0.67,1,-18,1,0,0,0,0,88.1
2025-06-29T22:45:00+02:00,592,1,0,577,76,0.33,1,-0.33,1,0,0,0,0,88.63
2025-06-29T23:00:00+02:00,426,1,0,393,75,0,0,7.33,1,0,0,0,0,88.87
2025-06-29T23:15:00+02:00,467,1,0,452,73,0,0,4,1,0,0,0,0,89.63
2025-06-29T23:30:00+02:00,416,1,0,379,72,0,0,14.67,1,0,0,0,0,90.5
2025-06-29T23:45:00+02:00,470,1,0,452,71,0,0,-2,1,0,0,0,0,90.87
2025-06-30T00:00:00+02:00,537,1,0,515,69,0,0,8.33,1,0,0,0,0,90.8
2025-06-30T00:15:00+02:00,425,1,0,403,68,0,0,-2,1,0,0,0,0,91.37
2025-06-30T00:30:00+02:00,457,1,0,439,66,0,0,-3.33,1,0,0,0,0,91.53
2025-06-30T00:45:00+02:00,392,1,0,369,65,0,0,8.33,1,0,0,0,0,91.23
2025-06-30T01:00:00+02:00,458,1,0,461,64,0,0,-18.33,1,0,0,0,0,90.8
2025-06-30T01:15:00+02:00,356,1,0,350,63,0,0,-8.67,1,0,0,0,0,90.77
2025-06-30T01:30:00+02:00,505,1,0,484,62,0.33,1,0,0,0,0,0,0,90.57
2025-06-30T01:45:00+02:00,417,1,0,421,60,0,0,-14.33,1,0,0,0,0,90.57
2025-06-30T02:00:00+02:00,388,1,0,382,59,0,0,-9,1,0,0,0,0,90.57
2025-06-30T02:15:00+02:00,432,1,0,399,58,0,0,13.33,1,0,0,0,0,90.6
2025-06-30T02:30:00+02:00,388,1,0,371,57,0,0,-0.33,1,0,0,0,0,90.8
2025-06-30T02:45:00+02:00,380,1,0,315,56,0,0,52.67,1,0,0,0,0,90.83
2025-06-30T03:00:00+02:00,370,1,0,374,55,0,0,-19,1,0,0,0,0,90.63
2025-06-30T03:15:00+02:00,436,1,0,443,54,0,0,-14,1,0,0,0,0,90.73
2025-06-30T03:30:00+02:00,368,1,0,368,53,0,0,-7.67,1,0,0,0,0,90.47
2025-06-30T03:45:00+02:00,360,0,0,351,52,0,0,-9.67,1,0,0,0,0,90.43
2025-06-30T04:00:00+02:00,358,0,0,341,50,0,0,-5.67,1,0,0,0,0,90.3
2025-06-30T04:15:00+02:00,429,1,0,426,49,0,0,-3.33,1,0,0,0,0,90.13
2025-06-30T04:30:00+02:00,389,0,0,370,48,0,0,-6,1,0,0,0,0,90.07
2025-06-30T04:45:00+02:00,505,1,0,501,47,0.33,1,-14.67,1,0,0,0,0,89.8
2025-06-30T05:00:00+02:00,347,1,0,327,46,0,0,7.67,1,0,0,0,0,89.57
2025-06-30T05:15:00+02:00,318,5,0,293,45,3.67,1,3.33,1,0,0,0,0,89.27
2025-06-30T05:30:00+02:00,447,27,0,401,43,26.33,1,2.33,1,0,0,0,0,89.47
2025-06-30T05:45:00+02:00,291,54,0,233,42,54.33,1,-3.33,1,0,0,0,0,89.4
2025-06-30T06:00:00+02:00,355,90,0,240,41,90,1,4.67,1,0,0,0,0,89.27
2025-06-30T06:15:00+02:00,380,128,0,235,41,128,1,1.67,1,0,0,0,0,89.2
2025-06-30T06:30:00+02:00,430,163,0,271,40,162,1,-10.33,1,0,0,0,0,89.1
2025-06-30T06:45:00+02:00,552,192,0,259,39,191.67,1,88.33,1,0,0,0,0,89.03
2025-06-30T07:00:00+02:00,402,217,1,157,39,217,1,10.67,1,0,0,0,0,89.17
2025-06-30T07:15:00+02:00,442,241,0,193,38,240,1,2,1,0,0,0,0,89.17
2025-06-30T07:30:00+02:00,428,260,2,145,37,259.67,1,8.33,1,0,0,0,0,89.07
2025-06-30T07:45:00+02:00,731,289,0,425,37,287.67,1,-9.33,1,0,0,0,0,88.97
2025-06-30T08:00:00+02:00,1947,349,0,1600,34,348.33,1,-6.67,1,0,0,0,0,88.63
2025-06-30T08:15:00+02:00,626,396,45,288,32,395.33,1,-26,1,0,0,0,0,88.53
2025-06-30T08:30:00+02:00,1786,433,18,1352,29,432,1,3,1,0,0,0,0,88.33
2025-06-30T08:45:00+02:00,589,441,3,126,28,440,1,16,1,0,0,0,0,88.2
2025-06-30T09:00:00+02:00,1576,464,0,1124,27,463.33,1,-24.33,1,0,0,0,0,88.03
2025-06-30T09:15:00+02:00,1735,477,24,1270,22,476.67,1,-13,1,0,0,0,0,87.9
2025-06-30T09:30:00+02:00,2038,489,11,1519,20,488.67,1,33.67,1,0,0,0,0,87.7
2025-06-30T09:45:00+02:00,881,497,17,389,17,496.67,1,-4.67,1,0,0,0,0,87.37
2025-06-30T10:00:00+02:00,521,607,144,49,17,606,1,-12,1,0,0,0,0,87.23
2025-06-30T10:15:00+02:00,609,882,350,30,17,881,1,14,1,0,0,0,0,87.13
2025-06-30T10:30:00+02:00,1697,1290,350,762,18,1290,1,-27.67,1,0,0,0,0,86.9
2025-06-30T10:45:00+02:00,2422,1738,108,799,15,1737,1,-9.33,1,0,0,0,0,86.7
2025-06-30T11:00:00+02:00,2881,2197,212,915,14,2196.67,1,-23.67,1,0,0,0,0,86.23
2025-06-30T11:15:00+02:00,2055,2632,801,211,14,2632,1,-6.33,1,0,0,0,0,86.07
2025-06-30T11:30:00+02:00,1832,3055,1223,0,16,3054.33,1,4.33,1,0,0,0,0,85.63
2025-06-30T11:45:00+02:00,1723,3327,1618,0,20,3326,1,21,1,0,0,0,0,85.27
2025-06-30T12:00:00+02:00,651,3525,2854,0,26,3525,1,-16.67,1,0,0,0,0,84.2
2025-06-30T12:15:00+02:00,693,3901,3213,0,33,3901,1,-1,1,0,0,0,0,68.5
2025-06-30T12:30:00+02:00,1497,4185,2681,0,40,4184.67,1,1,1,0,0,0,0,81.37
2025-06-30T12:45:00+02:00,904,4536,3637,0,49,4535.67,1,5,1,0,0,0,0,70.83
2025-06-30T13:00:00+02:00,559,4843,4282,0,58,4842.67,1,-4,1,0,0,0,0,61.9
2025-06-30T13:15:00+02:00,685,5101,4395,0,69,5100.33,1,-14,1,0,0,0,0,60.57
2025-06-30T13:30:00+02:00,542,5357,4797,0,80,5356.33,1,-18,1,0,0,0,0,60.33
2025-06-30T13:45:00+02:00,1918,5559,2990,45,93,5558,1,-708.33,1,0,0,1446.67,1,60.6
2025-06-30T14:00:00+02:00,5701,5830,45,3,100,5829.33,1,-83,1,0,0,5153.67,1,62.77
2025-06-30T14:15:00+02:00,5939,6001,10,0,100,6000.33,1,-47.67,1,0,0,5440.33,1,65.37
2025-06-30T14:30:00+02:00,6070,6140,10,0,100,6139.67,1,-55.33,1,0,0,5448.67,1,66.2
2025-06-30T14:45:00+02:00,5483,5492,8,54,100,5491.67,1,-51,1,0,0,4970.67,1,66.7
2025-06-30T15:00:00+02:00,3443,3529,2,156,99,3528.67,1,-241.33,1,0,0,3009,1,66.5
2025-06-30T15:15:00+02:00,1662,1721,4,0,99,1720.67,1,-54,1,0,0,1225.33,1,66.57
2025-06-30T15:30:00+02:00,1499,1539,3,2,99,1538.33,1,-38.67,1,0,0,1105,1,66.83
2025-06-30T15:45:00+02:00,1175,1231,3,0,99,1230,1,-51,1,0,0,765.33,1,67
2025-06-30T16:00:00+02:00,1258,1318,4,0,99,1317.67,1,-55.67,1,0,0,958.33,1,67.1
2025-06-30T16:15:00+02:00,1520,2415,510,87,99,2415,1,-553.67,1,0,0,1071,1,67.23
2025-06-30T16:30:00+02:00,4589,4731,8,76,100,4730.67,1,-206.67,1,0,0,4077.67,1,67.83
2025-06-30T16:45:00+02:00,3588,3749,6,118,100,3748.67,1,-271.33,1,0,0,3253,1,68.5
2025-06-30T17:00:00+02:00,1993,2057,3,1,99,2056.33,1,-63.67,1,0,0,1585.67,1,68.97
2025-06-30T17:15:00+02:00,3102,3162,4,65,99,3161.33,1,-118.67,1,0,0,2686.67,1,69.67
2025-06-30T17:30:00+02:00,936,962,2,0,99,961.67,1,-23,1,0,0,408,1,70.17
2025-06-30T17:45:00+02:00,859,633,5,208,98,632,1,3,1,0,0,1.33,1,70.2
2025-06-30T18:00:00+02:00,730,589,6,150,98,588.33,1,-6,1,0,0,0,0,70.47
2025-06-30T18:15:00+02:00,455,777,337,9,98,776,1,1,1,0,0,0,0,70.83
2025-06-30T18:30:00+02:00,2239,615,43,1621,96,614.67,1,41.67,1,0,0,0,0,71.13
2025-06-30T18:45:00+02:00,2791,635,29,2157,91,634,1,-13,1,0,0,0,0,71.33
2025-06-30T19:00:00+02:00,654,727,187,102,88,726.67,1,-20,1,0,0,0,0,71.53
2025-06-30T19:15:00+02:00,480,4023,3544,0,94,4022,1,5.33,1,0,0,0,0,71.7
2025-06-30T19:30:00+02:00,1515,2950,671,0,100,2949,1,-759.33,1,0,0,955.67,1,71.93
2025-06-30T19:45:00+02:00,1117,1014,0,115,100,1013.33,1,-24.33,1,0,0,490,1,72.37
2025-06-30T20:00:00+02:00,482,312,0,151,100,311.33,1,11,1,0,0,0,0,72.73
2025-06-30T20:15:00+02:00,492,210,0,266,99,209.33,1,1,1,0,0,0,0,72.87
2025-06-30T20:30:00+02:00,470,126,0,341,98,125,1,-4.67,1,0,0,0,0,72.97
2025-06-30T20:45:00+02:00,557,69,0,465,96,68.67,1,7.67,1,0,0,0,0,72.97
2025-06-30T21:00:00+02:00,560,41,0,518,95,40.33,1,-30,1,0,0,0,0,72.8
2025-06-30T21:15:00+02:00,447,20,0,423,93,19.67,1,-3.33,1,0,0,0,0,72.67
2025-06-30T21:30:00+02:00,438,3,0,424,91,3,1,-8,1,0,0,0,0,72.47
2025-06-30T21:45:00+02:00,373,1,0,374,90,1,1,-9.33,1,0,0,0,0,72.33
2025-06-30T22:00:00+02:00,535,1,0,530,89,0.67,1,-16.33,1,0,0,0,0,72.3
2025-06-30T22:15:00+02:00,377,1,0,355,87,0,0,12.33,1,0,0,0,0,72.2
2025-06-30T22:30:00+02:00,451,1,0,451,86,0,0,-16,1,0,0,0,0,72.17
2025-06-30T22:45:00+02:00,423,1,0,403,84,0,0,-0.67,1,0,0,0,0,72.2
2025-06-30T23:00:00+02:00,497,1,0,502,83,0,0,-12.33,1,0,0,0,0,72.2
2025-06-30T23:15:00+02:00,454,1,0,449,81,0,0,-3.67,1,0,0,0,0,72.17
2025-06-30T23:30:00+02:00,425,1,0,418,80,0,0,-6.67,1,0,0,0,0,72.17
2025-06-30T23:45:00+02:00,477,1,0,474,78,0,0,-10,1,0,0,0,0,72.17
2025-07-01T00:00:00+02:00,440,1,0,423,77,0,0,-5.33,1,0,0,0,0,72.23
2025-07-01T00:15:00+02:00,748,1,0,730,75,0.67,1,-3.67,1,0,0,0,0,72.2
2025-07-01T00:30:00+02:00,389,1,0,381,73,0,0,-17,1,0,0,0,0,72.27
2025-07-01T00:45:00+02:00,366,1,0,349,72,0,0,0.67,1,0,0,0,0,72.37
2025-07-01T01:00:00+02:00,401,1,0,387,71,0,0,-2.33,1,0,0,0,0,72.43
2025-07-01T01:15:00+02:00,456,1,0,444,70,0,0,2.67,1,0,0,0,0,72.43
2025-07-01T01:30:00+02:00,431,1,0,408,68,0,0,9.33,1,0,0,0,0,72.5
2025-07-01T01:45:00+02:00,333,0,0,304,67,0,0,17,1,0,0,0,0,72.6
2025-07-01T02:00:00+02:00,410,1,0,389,66,0,0,6.67,1,0,0,0,0,72.63
2025-07-01T02:15:00+02:00,380,1,0,372,65,0,0,-7.67,1,0,0,0,0,72.7
2025-07-01T02:30:00+02:00,461,1,0,391,64,0,0,60.67,1,0,0,0,0,72.73
2025-07-01T02:45:00+02:00,409,1,0,402,63,0,0,-9.67,1,0,0,0,0,72.73
2025-07-01T03:00:00+02:00,306,0,0,302,62,0,0,-14.33,1,0,0,0,0,72.57
2025-07-01T03:15:00+02:00,332,0,0,323,61,0,0,-3.67,1,0,0,0,0,72.23
2025-07-01T03:30:00+02:00,509,0,0,523,60,0.33,1,-31.67,1,0,0,0,0,72.07
2025-07-01T03:45:00+02:00,335,0,0,332,59,0,0,-4,1,0,0,0,0,71.83
2025-07-01T04:00:00+02:00,316,0,0,300,58,0,0,0.67,1,0,0,0,0,71.43
2025-07-01T04:15:00+02:00,397,0,0,370,57,0,0,3.67,1,0,0,0,0,71.07
2025-07-01T04:30:00+02:00,431,1,0,430,56,0,0,-7.33,1,0,0,0,0,70.7
2025-07-01T04:45:00+02:00,416,0,0,391,54,0,0,4,1,0,0,0,0,70.5
2025-07-01T05:00:00+02:00,401,1,0,389,53,0,0,3.67,1,0,0,0,0,70.37
2025-07-01T05:15:00+02:00,368,2,0,333,52,2,1,18.67,1,0,0,0,0,70.23
2025-07-01T05:30:00+02:00,399,22,0,343,51,21.33,1,17,1,0,0,0,0,70.13
2025-07-01T05:45:00+02:00,539,54,0,459,50,54,1,16.67,1,0,0,0,0,70.03
2025-07-01T06:00:00+02:00,538,97,0,445,49,96,1,-17.33,1,0,0,0,0,69.97
2025-07-01T06:15:00+02:00,563,138,0,396,47,138,1,3.33,1,0,0,0,0,69.93
2025-07-01T06:30:00+02:00,500,177,0,314,46,177.33,1,-4.67,1,0,0,0,0,69.83
2025-07-01T06:45:00+02:00,532,219,0,292,45,218.33,1,9.67,1,0,0,0,0,69.8
2025-07-01T07:00:00+02:00,440,248,1,163,45,247.67,1,17.67,1,0,0,0,0,69.73
2025-07-01T07:15:00+02:00,435,286,1,125,44,285,1,10.33,1,0,0,0,0,69.7
2025-07-01T07:30:00+02:00,448,321,3,112,44,320.67,1,6.33,1,0,0,0,0,69.67
2025-07-01T07:45:00+02:00,411,354,6,60,44,353.33,1,-1.67,1,0,0,0,0,69.57
2025-07-01T08:00:00+02:00,505,428,19,83,44,428,1,6,1,0,0,0,0,69.5
2025-07-01T08:15:00+02:00,499,549,66,18,44,548.67,1,2,1,0,0,0,0,69.4
2025-07-01T08:30:00+02:00,573,684,129,8,44,684,1,5.67,1,0,0,0,0,69.3
2025-07-01T08:45:00+02:00,415,559,140,0,44,558.67,1,-14.67,1,0,0,0,0,69.2
2025-07-01T09:00:00+02:00,527,557,33,11,44,555.67,1,-9.67,1,0,0,0,0,69.2
2025-07-01T09:15:00+02:00,505,589,188,118,44,588,1,-23,1,0,0,0,0,69.17
2025-07-01T09:30:00+02:00,309,608,288,0,45,607.33,1,-10.33,1,0,0,0,0,69.1
2025-07-01T09:45:00+02:00,459,637,205,11,46,637,1,12.33,1,0,0,0,0,69
2025-07-01T10:00:00+02:00,1798,765,100,1136,45,764.67,1,-5.67,1,0,0,0,0,69
2025-07-01T10:15:00+02:00,632,1021,486,102,44,1021,1,-4.33,1,0,0,0,0,68.93
2025-07-01T10:30:00+02:00,461,1406,947,4,46,1405.67,1,1,1,0,0,0,0,68.93
2025-07-01T10:45:00+02:00,481,1811,1339,0,49,1810.33,1,0.33,1,0,0,0,0,68.83
2025-07-01T11:00:00+02:00,507,2252,1738,0,53,2252,1,-2.67,1,0,0,0,0,68.77
2025-07-01T11:15:00+02:00,540,2832,2273,0,58,2831.67,1,-11.67,1,0,0,0,0,68.73
2025-07-01T11:30:00+02:00,388,2767,2364,0,64,2767,1,-12.33,1,0,0,0,0,68.73
2025-07-01T11:45:00+02:00,1305,3177,1902,0,69,3177,1,3,1,0,0,0,0,68.63
2025-07-01T12:00:00+02:00,2408,3826,1440,7,73,3825.67,1,14,1,0,0,0,0,66.5
2025-07-01T12:15:00+02:00,1968,3331,1404,21,77,3330.33,1,23,1,0,0,0,0,60.6
2025-07-01T12:30:00+02:00,1895,2462,729,141,78,2461.33,1,20.33,1,0,0,0,0,60.23
2025-07-01T12:45:00+02:00,1742,808,76,1026,78,807,1,-20,1,0,0,0,0,59.3
2025-07-01T13:00:00+02:00,1894,144,0,1760,74,144.33,1,-19.67,1,0,0,0,0,63.6
2025-07-01T13:15:00+02:00,1029,134,0,877,70,134,1,-1.33,1,0,0,0,0,63.8
2025-07-01T13:30:00+02:00,1864,316,0,1558,66,315.67,1,-19.33,1,0,0,0,0,68.23
2025-07-01T13:45:00+02:00,1385,511,2,882,63,510.33,1,-10,1,0,0,0,0,59.47
2025-07-01T14:00:00+02:00,436,682,263,10,63,681.67,1,4,1,0,0,0,0,61.67
2025-07-01T14:15:00+02:00,399,1705,1303,0,65,1704.67,1,1.33,1,0,0,0,0,80.53
2025-07-01T14:30:00+02:00,565,5101,4536,0,73,5100,1,0.33,1,0,0,0,0,93.07
2025-07-01T14:45:00+02:00,445,5660,5194,0,87,5660,1,-19.33,1,0,0,0,0,72.27
2025-07-01T15:00:00+02:00,2306,3589,528,0,98,3588.33,1,-782.33,1,0,0,1807.67,1,67.07
2025-07-01T15:15:00+02:00,3048,3128,6,6,100,3127,1,-79.33,1,0,0,2528.33,1,70.5
2025-07-01T15:30:00+02:00,5130,5200,9,0,100,5200,1,-57.67,1,0,0,4635.33,1,79.2
2025-07-01T15:45:00+02:00,5513,5596,9,0,100,5596,1,-70,1,0,0,4973,1,98.33
2025-07-01T16:00:00+02:00,6550,6631,11,8,100,6630.67,1,-73.67,1,0,0,5609,1,103.93
2025-07-01T16:15:00+02:00,6227,6315,11,0,100,6315.33,1,-72.67,1,0,0,5293.67,1,0
2025-07-01T16:30:00+02:00,6133,6196,11,0,100,6195.67,1,-47.33,1,0,0,4458.67,1,110.33
2025-07-01T16:45:00+02:00,5984,6027,11,0,100,6026.33,1,-28,1,0,0,4428.67,1,109.37
2025-07-01T17:00:00+02:00,5633,5727,10,15,100,5726.33,1,-97,1,0,0,4928.33,1,116.6
2025-07-01T17:15:00+02:00,5818,5879,11,0,100,5878.33,1,-45.67,1,0,0,5346.33,1,97.53
2025-07-01T17:30:00+02:00,5539,5602,10,0,100,5601,1,-48.33,1,0,0,5125.67,1,82.77
2025-07-01T17:45:00+02:00,4507,4579,53,197,99,4578.33,1,-264.33,1,0,0,2402,1,82.33
2025-07-01T18:00:00+02:00,1803,2578,388,1,100,2577,1,-396.67,1,0,0,1429.33,1,82
2025-07-01T18:15:00+02:00,4879,4935,10,0,100,4935,1,-43.33,1,0,0,4579,1,82.93
2025-07-01T18:30:00+02:00,3093,3143,5,28,100,3142.33,1,-73,1,0,0,2524.67,1,85.13
2025-07-01T18:45:00+02:00,3911,3983,8,0,100,3982.67,1,-61.33,1,0,0,3463.33,1,94.85
2025-07-01T19:00:00+02:00,3727,3781,7,0,100,3781.33,1,-44.67,1,0,0,3311,1,0
2025-07-01T19:15:00+02:00,3298,3355,6,0,100,3354.33,1,-47.67,1,0,0,2918.33,1,0
2025-07-01T19:30:00+02:00,2918,2972,6,0,100,2971.33,1,-45.33,1,0,0,2556.67,1,103.9
2025-07-01T19:45:00+02:00,2488,2541,6,0,100,2540.33,1,-45.33,1,0,0,2102,1,82.47
2025-07-01T20:00:00+02:00,2015,2067,4,0,100,2066.67,1,-45.67,1,0,0,1655,1,75.5
2025-07-01T20:15:00+02:00,1526,1574,4,0,100,1573.33,1,-43,1,0,0,1144.33,1,80.5
2025-07-01T20:30:00+02:00,1098,1148,3,0,100,1147,1,-45.33,1,0,0,748.33,1,0
2025-07-01T20:45:00+02:00,545,566,148,125,99,566.33,1,-1.33,1,0,0,63.33,1,0
2025-07-01T21:00:00+02:00,608,149,0,461,97,148,1,-18.67,1,0,0,0,0,110.1
2025-07-01T21:15:00+02:00,421,70,0,334,96,70.33,1,7.33,1,0,0,0,0,100.37
2025-07-01T21:30:00+02:00,457,22,0,434,95,22,1,-8.33,1,0,0,0,0,98.97
2025-07-01T21:45:00+02:00,393,2,0,388,94,1.33,1,-6,1,0,0,0,0,99.57
2025-07-01T22:00:00+02:00,663,1,0,637,92,0.33,1,18,1,0,0,0,0,108.37
2025-07-01T22:15:00+02:00,443,0,0,411,90,0,0,9,1,0,0,0,0,0
2025-07-01T22:30:00+02:00,485,1,0,462,89,0,0,5.33,1,0,0,0,0,101.63
2025-07-01T22:45:00+02:00,433,0,0,438,87,0,0,-12.67,1,0,0,0,0,87
2025-07-01T23:00:00+02:00,393,0,0,392,86,0,0,-7.67,1,0,0,0,0,82.6
2025-07-01T23:15:00+02:00,564,1,0,544,84,0,0,-0.33,1,0,0,0,0,81.63
2025-07-01T23:30:00+02:00,384,0,0,381,83,0,0,-4.33,1,0,0,0,0,81.83
2025-07-01T23:45:00+02:00,394,0,0,356,82,0,0,16,1,0,0,0,0,82.37
2025-07-02T00:00:00+02:00,404,0,0,382,81,0,0,2.67,1,0,0,0,0,82.77
2025-07-02T00:15:00+02:00,488,1,0,464,79,0,0,12.33,1,0,0,0,0,82.73
2025-07-02T00:30:00+02:00,368,0,0,367,78,0,0,-14.33,1,0,0,0,0,82.97
2025-07-02T00:45:00+02:00,303,0,0,299,77,0,0,-4.67,1,0,0,0,0,83.23
2025-07-02T01:00:00+02:00,433,0,0,389,76,0,0,25.67,1,0,0,0,0,83.47
2025-07-02T01:15:00+02:00,549,0,0,527,75,0.33,1,-10.33,1,0,0,0,0,83.47
2025-07-02T01:30:00+02:00,427,0,0,397,74,0,0,13.67,1,0,0,0,0,84.53
2025-07-02T01:45:00+02:00,387,0,0,374,73,0,0,-0.33,1,0,0,0,0,82.2
2025-07-02T02:00:00+02:00,311,0,0,303,72,0,0,-11.67,1,0,0,0,0,79.47
2025-07-02T02:15:00+02:00,417,0,0,415,71,0,0,-10.67,1,0,0,0,0,77.73
2025-07-02T02:30:00+02:00,398,0,0,359,70,0,0,31,1,0,0,0,0,76.8
2025-07-02T02:45:00+02:00,335,0,0,332,69,0,0,-20,1,0,0,0,0,76.13
2025-07-02T03:00:00+02:00,400,0,0,370,68,0,0,16.33,1,0,0,0,0,75.7
2025-07-02T03:15:00+02:00,360,0,0,345,67,0,0,4.33,1,0,0,0,0,75.57
2025-07-02T03:30:00+02:00,427,0,0,422,66,0,0,-12.67,1,0,0,0,0,75.2
2025-07-02T03:45:00+02:00,287,0,0,282,65,0,0,-4.33,1,0,0,0,0,74.77
2025-07-02T04:00:00+02:00,425,0,0,401,64,0,0,6.67,1,0,0,0,0,74.3
2025-07-02T04:15:00+02:00,430,1,0,423,63,0,0,-6.33,1,0,0,0,0,74
2025-07-02T04:30:00+02:00,355,0,0,325,63,0,0,16.67,1,0,0,0,0,73.67
2025-07-02T04:45:00+02:00,434,1,0,425,61,0,0,1,1,0,0,0,0,73.23
2025-07-02T05:00:00+02:00,331,0,0,329,60,0,0,-11.67,1,0,0,0,0,72.87
2025-07-02T05:15:00+02:00,361,2,0,356,59,1.67,1,-11.67,1,0,0,0,0,72.7
2025-07-02T05:30:00+02:00,329,21,0,287,58,20.33,1,11,1,0,0,0,0,72.5
2025-07-02T05:45:00+02:00,516,52,0,448,57,51.67,1,3,1,0,0,0,0,72.37
2025-07-02T06:00:00+02:00,369,90,0,259,56,89,1,7,1,0,0,0,0,72.27
2025-07-02T06:15:00+02:00,345,129,1,192,56,128.67,1,1.67,1,0,0,0,0,72.07
2025-07-02T06:30:00+02:00,425,165,0,231,55,164.67,1,3.67,1,0,0,0,0,71.97
2025-07-02T06:45:00+02:00,516,199,0,314,54,198,1,-5.67,1,0,0,0,0,71.87
2025-07-02T07:00:00+02:00,624,228,0,396,53,227,1,-10,1,0,0,0,0,71.67
2025-07-02T07:15:00+02:00,669,255,2,408,51,253.67,1,-3.33,1,0,0,0,0,71.57
2025-07-02T07:30:00+02:00,542,279,1,235,51,277.67,1,19.33,1,0,0,0,0,71.4
2025-07-02T07:45:00+02:00,635,306,0,319,50,306.33,1,-0.33,1,0,0,0,0,71.33
2025-07-02T08:00:00+02:00,740,358,0,324,49,357,1,28.67,1,0,0,0,0,71.27
2025-07-02T08:15:00+02:00,673,419,0,236,48,418.67,1,2.67,1,0,0,0,0,71.1
2025-07-02T08:30:00+02:00,507,446,5,55,48,445.33,1,2,1,0,0,0,0,71
2025-07-02T08:45:00+02:00,542,462,0,64,47,462,1,-0.67,1,0,0,0,0,70.87
2025-07-02T09:00:00+02:00,560,485,6,54,47,485,1,14.67,1,0,0,0,0,70.77
2025-07-02T09:15:00+02:00,507,503,32,35,47,502.33,1,-1.33,1,0,0,0,0,70.6
2025-07-02T09:30:00+02:00,613,521,5,94,47,520.33,1,-3.67,1,0,0,0,0,70.4
2025-07-02T09:45:00+02:00,511,542,52,16,47,541,1,6.67,1,0,0,0,0,70.17
2025-07-02T10:00:00+02:00,640,647,47,28,47,645.67,1,2.33,1,0,0,0,0,70
2025-07-02T10:15:00+02:00,807,908,264,139,47,907,1,4.33,1,0,0,0,0,69.73
2025-07-02T10:30:00+02:00,558,1298,741,0,49,1297.33,1,3.67,1,0,0,0,0,69.6
2025-07-02T10:45:00+02:00,533,1725,1185,0,51,1725,1,0.33,1,0,0,0,0,69.4
2025-07-02T11:00:00+02:00,562,2192,1637,0,55,2191.33,1,4,1,0,0,0,0,69.2
2025-07-02T11:15:00+02:00,648,2659,2010,0,59,2658,1,5.67,1,0,0,0,0,68.93
2025-07-02T11:30:00+02:00,528,3084,2555,0,65,3082.67,1,3.33,1,0,0,0,0,68.77
2025-07-02T11:45:00+02:00,570,3035,2456,0,71,3035,1,-8.67,1,0,0,0,0,68.67
2025-07-02T12:00:00+02:00,521,3580,3046,0,78,3579,1,-7.33,1,0,0,0,0,77.23
2025-07-02T12:15:00+02:00,581,3708,3129,0,86,3707.33,1,2.33,1,0,0,0,0,74
2025-07-02T12:30:00+02:00,1161,3867,1970,0,95,3867,1,-809.33,1,0,0,380.33,1,72.63
2025-07-02T12:45:00+02:00,2707,2709,2,122,100,2708.67,1,-122.67,1,0,0,2155.67,1,66.7
2025-07-02T13:00:00+02:00,4951,5026,7,3,100,5025.67,1,-67,1,0,0,4252.67,1,66.5
2025-07-02T13:15:00+02:00,5255,5339,8,10,100,5338.33,1,-83.33,1,0,0,4056.33,1,62.4
2025-07-02T13:30:00+02:00,5625,5699,9,2,100,5698.33,1,-65,1,0,0,4839.33,1,63
2025-07-02T13:45:00+02:00,5468,5779,257,33,100,5779.33,1,-201.33,1,0,0,4739.67,1,63.07
2025-07-02T14:00:00+02:00,5756,5734,8,117,100,5733,1,-85.33,1,0,0,4957.33,1,63.13
2025-07-02T14:15:00+02:00,5044,5077,5,76,100,5077,1,-103.33,1,0,0,4326,1,63.77
2025-07-02T14:30:00+02:00,5923,6031,9,0,100,6030.33,1,-93.33,1,0,0,5179,1,65.23
2025-07-02T14:45:00+02:00,5259,5297,6,74,99,5296.67,1,-104.33,1,0,0,4618.33,1,66.73
2025-07-02T15:00:00+02:00,4259,4276,5,62,99,4275.67,1,-74,1,0,0,3680.33,1,67.1
2025-07-02T15:15:00+02:00,1451,1507,3,0,99,1506.33,1,-50.67,1,0,0,927,1,67
2025-07-02T15:30:00+02:00,2014,2527,446,14,99,2526.67,1,-166.67,1,0,0,1282.67,1,67
2025-07-02T15:45:00+02:00,6263,6336,12,0,100,6335,1,-55.67,1,0,0,5680.33,1,67.63
2025-07-02T16:00:00+02:00,6211,6277,13,0,100,6276.67,1,-49.33,1,0,0,5617.33,1,68.97
2025-07-02T16:15:00+02:00,6045,6109,12,0,100,6108.67,1,-48,1,0,0,5524.67,1,72.5
2025-07-02T16:30:00+02:00,5979,6044,12,0,100,6043.67,1,-49,1,0,0,5366,1,70.23
2025-07-02T16:45:00+02:00,5940,6008,12,0,100,6007.33,1,-52,1,0,0,5195,1,70.8
2025-07-02T17:00:00+02:00,3189,3171,4,116,100,3170.33,1,-93.67,1,0,0,2644.67,1,71.77
2025-07-02T17:15:00+02:00,677,728,1,0,99,727.33,1,-50.33,1,0,0,123.67,1,71.57
2025-07-02T17:30:00+02:00,692,735,1,0,99,735.33,1,-41,1,0,0,207.67,1,71.53
2025-07-02T17:45:00+02:00,751,808,1,0,99,807.67,1,-56,1,0,0,84,1,71.53
2025-07-02T18:00:00+02:00,2038,2130,4,0,99,2129.67,1,-85.33,1,0,0,1549.67,1,71.63
2025-07-02T18:15:00+02:00,3714,4704,6,64,99,4703,1,-1045,1,0,0,2768.33,1,72.27
2025-07-02T18:30:00+02:00,1330,4733,8,0,99,4731.67,1,-3391.67,1,0,0,795.33,1,72.9
2025-07-02T18:45:00+02:00,1326,3997,6,0,99,3996.67,1,-2662,1,0,0,726,1,75
2025-07-02T19:00:00+02:00,1226,3734,5,0,99,3734,1,-2499.67,1,0,0,753.67,1,75.57
2025-07-02T19:15:00+02:00,1951,2613,480,59,99,2612.33,1,-416,1,0,0,1155.33,1,81.17
2025-07-02T19:30:00+02:00,2829,2887,5,0,100,2887,1,-50.67,1,0,0,2301.67,1,91.43
2025-07-02T19:45:00+02:00,2442,2493,3,4,100,2492.33,1,-51.67,1,0,0,1935.67,1,82.77
2025-07-02T20:00:00+02:00,791,615,0,226,100,614.67,1,-64,1,0,0,69,1,75.63
2025-07-02T20:15:00+02:00,712,747,300,253,98,746.33,1,4.33,1,0,0,0,0,74.7
2025-07-02T20:30:00+02:00,513,402,122,223,98,401,1,2,1,0,0,0,0,74.4
2025-07-02T20:45:00+02:00,461,108,0,337,98,107,1,8,1,0,0,0,0,74.4
2025-07-02T21:00:00+02:00,603,64,0,521,96,63.33,1,3.67,1,0,0,0,0,74.43
2025-07-02T21:15:00+02:00,461,33,0,412,94,32.67,1,5.33,1,0,0,0,0,74.47
2025-07-02T21:30:00+02:00,379,8,0,365,93,7.33,1,-8.33,1,0,0,0,0,74.2
2025-07-02T21:45:00+02:00,537,1,0,519,92,0.67,1,0,0,0,0,0,0,74
2025-07-02T22:00:00+02:00,553,1,0,539,90,0,0,5.33,1,0,0,0,0,74.1
2025-07-02T22:15:00+02:00,472,1,0,454,88,0,0,-1.33,1,0,0,0,0,74.5
2025-07-02T22:30:00+02:00,470,1,0,447,86,0,0,12.33,1,0,0,0,0,74.73
2025-07-02T22:45:00+02:00,461,0,0,426,85,0,0,18.33,1,0,0,0,0,74.63
2025-07-02T23:00:00+02:00,590,1,0,551,83,0,0,25.67,1,0,0,0,0,74.63
2025-07-02T23:15:00+02:00,548,0,0,531,81,0.33,1,-7.67,1,0,0,0,0,74.47
2025-07-02T23:30:00+02:00,465,0,0,448,80,0,0,6.33,1,0,0,0,0,74.43
2025-07-02T23:45:00+02:00,407,0,0,394,79,0,0,-8.33,1,0,0,0,0,74.3
2025-07-03T00:00:00+02:00,476,1,0,471,77,0,0,-3.33,1,0,0,0,0,74.17
2025-07-03T00:15:00+02:00,493,1,0,478,75,0,0,-3.33,1,0,0,0,0,74.07
2025-07-03T00:30:00+02:00,314,0,0,320,74,0,0,-15,1,0,0,0,0,74.07
2025-07-03T00:45:00+02:00,410,0,0,392,73,0,0,3,1,0,0,0,0,74
2025-07-03T01:00:00+02:00,374,0,0,358,72,0,0,-1.33,1,0,0,0,0,74.07
2025-07-03T01:15:00+02:00,458,0,0,446,71,0,0,3,1,0,0,0,0,74
2025-07-03T01:30:00+02:00,325,0,0,308,70,0,0,-3.67,1,0,0,0,0,73.9
2025-07-03T01:45:00+02:00,398,0,0,376,69,0,0,10,1,0,0,0,0,73.9
2025-07-03T02:00:00+02:00,324,0,0,325,68,0,0,-16.33,1,0,0,0,0,73.8
2025-07-03T02:15:00+02:00,449,0,0,448,67,0.33,1,-19.67,1,0,0,0,0,73.8
2025-07-03T02:30:00+02:00,427,1,0,391,65,0,0,22.33,1,0,0,0,0,73.77
2025-07-03T02:45:00+02:00,318,0,0,314,65,0,0,-4.33,1,0,0,0,0,73.73
2025-07-03T03:00:00+02:00,393,0,0,379,64,0,0,0.67,1,0,0,0,0,73.7
2025-07-03T03:15:00+02:00,354,0,0,355,63,0,0,-17.33,1,0,0,0,0,73.77
2025-07-03T03:30:00+02:00,459,1,0,434,62,0,0,13.67,1,0,0,0,0,73.7
2025-07-03T03:45:00+02:00,441,0,0,403,60,0,0,19,1,0,0,0,0,73.7
2025-07-03T04:00:00+02:00,352,0,0,340,59,0,0,3,1,0,0,0,0,73.67
2025-07-03T04:15:00+02:00,379,0,0,358,58,0,0,7.67,1,0,0,0,0,73.7
2025-07-03T04:30:00+02:00,317,0,0,316,57,0,0,-15,1,0,0,0,0,73.67
2025-07-03T04:45:00+02:00,433,0,0,413,56,0,0,7.33,1,0,0,0,0,73.63
2025-07-03T05:00:00+02:00,342,0,0,320,55,0,0,-8,1,0,0,0,0,73.6
2025-07-03T05:15:00+02:00,478,2,0,441,54,2,1,3.67,1,0,0,0,0,73.6
2025-07-03T05:30:00+02:00,378,16,0,341,52,16,1,-1.33,1,0,0,0,0,73.57
2025-07-03T05:45:00+02:00,635,47,0,555,51,46.33,1,23,1,0,0,0,0,73.5
2025-07-03T06:00:00+02:00,402,88,0,303,50,88,1,-2,1,0,0,0,0,73.5
2025-07-03T06:15:00+02:00,525,134,0,360,49,132.67,1,19.67,1,0,0,0,0,73.43
2025-07-03T06:30:00+02:00,459,178,0,264,48,177,1,8.33,1,0,0,0,0,73.43
2025-07-03T06:45:00+02:00,484,224,0,232,47,223.33,1,21,1,0,0,0,0,73.4
2025-07-03T07:00:00+02:00,484,268,1,215,46,267,1,-15,1,0,0,0,0,73.37
2025-07-03T07:15:00+02:00,356,300,12,55,46,299.67,1,3.67,1,0,0,0,0,73.33
2025-07-03T07:30:00+02:00,318,418,121,7,46,417.67,1,-9.33,1,0,0,0,0,73.3
2025-07-03T07:45:00+02:00,502,658,232,30,46,657.67,1,11.67,1,0,0,0,0,73.27
2025-07-03T08:00:00+02:00,447,644,195,11,46,643.67,1,-13,1,0,0,0,0,73.2
2025-07-03T08:15:00+02:00,529,822,386,105,47,822,1,-24.67,1,0,0,0,0,73.2
2025-07-03T08:30:00+02:00,303,880,579,0,48,879.67,1,-6,1,0,0,0,0,73.17
2025-07-03T08:45:00+02:00,433,1116,691,0,50,1115.33,1,9.67,1,0,0,0,0,73.1
2025-07-03T09:00:00+02:00,413,1297,889,0,52,1297,1,6.67,1,0,0,0,0,73.1
2025-07-03T09:15:00+02:00,360,1457,1106,0,55,1456.67,1,10,1,0,0,0,0,73.03
2025-07-03T09:30:00+02:00,392,1321,937,0,57,1320.33,1,4.67,1,0,0,0,0,73.03
2025-07-03T09:45:00+02:00,313,1017,692,0,60,1016.33,1,-4.67,1,0,0,0,0,73
2025-07-03T10:00:00+02:00,410,694,316,6,61,693.67,1,23.33,1,0,0,0,0,72.97
2025-07-03T10:15:00+02:00,362,442,116,18,61,441.67,1,16.33,1,0,0,0,0,72.9
2025-07-03T10:30:00+02:00,380,652,271,1,61,651.67,1,0.67,1,0,0,0,0,72.9
2025-07-03T10:45:00+02:00,306,1627,1321,0,63,1626.67,1,0.33,1,0,0,0,0,72.87
2025-07-03T11:00:00+02:00,380,2187,1841,0,68,2186.67,1,22.33,1,0,0,0,0,72.83
2025-07-03T11:15:00+02:00,524,1926,1405,0,72,1925.33,1,8.67,1,0,0,0,0,72.8
2025-07-03T11:30:00+02:00,486,2636,2190,12,77,2635.33,1,19.33,1,0,0,0,0,72.77
2025-07-03T11:45:00+02:00,383,2785,2420,0,82,2784,1,5.67,1,0,0,0,0,72.7
2025-07-03T12:00:00+02:00,405,3334,2619,0,89,3333.33,1,-347.67,1,0,0,0,0,70.3
2025-07-03T12:15:00+02:00,2960,3597,42,14,99,3596.67,1,-609.67,1,0,0,2462.67,1,64.87
2025-07-03T12:30:00+02:00,2492,2552,3,3,100,2551,1,-60.33,1,0,0,2135.33,1,64.4
2025-07-03T12:45:00+02:00,2609,2675,3,59,100,2674.33,1,-121.33,1,0,0,2265,1,63.17
2025-07-03T13:00:00+02:00,5049,5137,3,144,99,5136.33,1,-234,1,0,0,4603.33,1,63.27
2025-07-03T13:15:00+02:00,3208,3651,450,60,99,3651,1,-184.67,1,0,0,2861.67,1,63.23
2025-07-03T13:30:00+02:00,4655,4879,70,208,100,4878,1,-381,1,0,0,4201.67,1,64.37
2025-07-03T13:45:00+02:00,5766,5828,6,91,99,5828,1,-144.33,1,0,0,5441.33,1,65.4
2025-07-03T14:00:00+02:00,4279,4848,540,148,99,4847.67,1,-439.33,1,0,0,3674,1,66.7
2025-07-03T14:15:00+02:00,3269,3418,3,42,100,3418,1,-187.67,1,0,0,2887.33,1,68.67
2025-07-03T14:30:00+02:00,5690,6276,7,74,100,6275.67,1,-651,1,0,0,5224.67,1,70.43
2025-07-03T14:45:00+02:00,5260,5607,5,50,99,5606.67,1,-393,1,0,0,4731.33,1,71.97
2025-07-03T15:00:00+02:00,4563,4749,4,57,99,4748.67,1,-245,1,0,0,4243,1,73.07
2025-07-03T15:15:00+02:00,5019,5517,149,73,99,5515.67,1,-499,1,0,0,4563,1,76.47
2025-07-03T15:30:00+02:00,4603,5208,354,64,100,5208,1,-469,1,0,0,4095.33,1,90.6
2025-07-03T15:45:00+02:00,5095,5537,4,126,100,5537,1,-578.33,1,0,0,4751,1,86.93
2025-07-03T16:00:00+02:00,5188,5661,559,288,99,5661,1,-434.33,1,0,0,4584.33,1,96.43
2025-07-03T16:15:00+02:00,2384,2494,3,0,100,2493.33,1,-104.33,1,0,0,2068.33,1,97.15
2025-07-03T16:30:00+02:00,5147,5416,7,27,100,5415.67,1,-286,1,0,0,4667,1,110.6
2025-07-03T16:45:00+02:00,3191,6254,10,0,100,6253,1,-3048.67,1,0,0,2686,1,98.9
2025-07-03T17:00:00+02:00,1024,6001,10,0,100,6000.67,1,-4963.33,1,0,0,605.67,1,78.2
2025-07-03T17:15:00+02:00,1102,5756,9,0,100,5755.33,1,-4640.33,1,0,0,791.33,1,92.47
2025-07-03T17:30:00+02:00,1111,5524,9,0,100,5524,1,-4401.33,1,0,0,747.67,1,75.3
2025-07-03T17:45:00+02:00,1157,5277,7,0,100,5277,1,-4110,1,0,0,727,1,74.83
2025-07-03T18:00:00+02:00,1125,4972,225,0,100,4971,1,-3665.33,1,0,0,694,1,74.4
2025-07-03T18:15:00+02:00,1125,3117,3,43,100,3116.67,1,-2059,1,0,0,688,1,74.4
2025-07-03T18:30:00+02:00,906,848,0,225,99,847.33,1,-384.33,1,0,0,322.67,1,74.37
2025-07-03T18:45:00+02:00,786,1203,461,77,99,1202.33,1,-90.67,1,0,0,106,1,74.57
2025-07-03T19:00:00+02:00,1223,1390,1,11,100,1389,1,-175.67,1,0,0,721.67,1,74.67
2025-07-03T19:15:00+02:00,1228,1213,1,92,100,1212.67,1,-82.33,1,0,0,537.33,1,74.6
2025-07-03T19:30:00+02:00,926,971,1,0,100,970.67,1,-42,1,0,0,398,1,75.23
2025-07-03T19:45:00+02:00,896,903,1,52,100,902,1,-58.67,1,0,0,276.67,1,76.4
2025-07-03T20:00:00+02:00,908,860,0,140,99,860.33,1,-96.67,1,0,0,198.67,1,77.5
2025-07-03T20:15:00+02:00,1799,1011,259,1036,98,1010.67,1,-9.67,1,0,0,0,0,78.4
2025-07-03T20:30:00+02:00,740,229,0,494,96,228.67,1,-2,1,0,0,0,0,78.03
2025-07-03T20:45:00+02:00,1656,75,0,1577,92,74,1,-19,1,0,0,0,0,81.6
2025-07-03T21:00:00+02:00,600,34,0,550,90,33.33,1,-8.67,1,0,0,0,0,96.23
2025-07-03T21:15:00+02:00,486,15,0,462,88,14,1,0,0,0,0,0,0,105.3
2025-07-03T21:30:00+02:00,855,3,0,827,86,2.33,1,17.33,1,0,0,0,0,85.47
2025-07-03T21:45:00+02:00,1435,3,0,1417,82,2,1,-8.33,1,0,0,0,0,96.75
2025-07-03T22:00:00+02:00,456,1,0,451,80,0,0,-12.67,1,0,0,0,0,114.85
2025-07-03T22:15:00+02:00,381,0,0,375,79,0,0,-2,1,0,0,0,0,117.8
2025-07-03T22:30:00+02:00,349,0,0,346,78,0,0,-6.67,1,0,0,0,0,113.73
2025-07-03T22:45:00+02:00,324,0,0,327,77,0,0,-17.33,1,0,0,0,0,105.7
2025-07-03T23:00:00+02:00,538,1,0,536,75,0,0,-6.67,1,0,0,0,0,90.6
2025-07-03T23:15:00+02:00,427,0,0,418,74,0,0,2,1,0,0,0,0,85.23
2025-07-03T23:30:00+02:00,334,0,0,335,73,0,0,-9,1,0,0,0,0,89.17
2025-07-03T23:45:00+02:00,451,0,0,430,71,0,0,8.33,1,0,0,0,0,0
2025-07-04T00:00:00+02:00,540,0,0,526,70,0,0,0.67,1,0,0,0,0,0
2025-07-04T00:15:00+02:00,368,0,0,373,69,0,0,-17.33,1,0,0,0,0,0
2025-07-04T00:30:00+02:00,452,1,0,432,68,0,0,6.33,1,0,0,0,0,0
2025-07-04T00:45:00+02:00,455,1,0,431,66,0,0,9.67,1,0,0,0,0,118.4
2025-07-04T01:00:00+02:00,433,0,0,413,65,0,0,7.33,1,0,0,0,0,96.33
2025-07-04T01:15:00+02:00,558,1,0,523,63,0,0,16.67,1,0,0,0,0,84.33
2025-07-04T01:30:00+02:00,335,0,0,332,61,0,0,-8,1,0,0,0,0,79.47
2025-07-04T01:45:00+02:00,425,1,0,407,60,0,0,1.67,1,0,0,0,0,77.87
2025-07-04T02:00:00+02:00,415,1,0,396,59,0,0,6.33,1,0,0,0,0,77
2025-07-04T02:15:00+02:00,490,1,0,495,58,0,0,-12,1,0,0,0,0,76.47
2025-07-04T02:30:00+02:00,374,0,0,320,57,0,0,34.33,1,0,0,0,0,76.2
2025-07-04T02:45:00+02:00,288,0,0,284,56,0,0,-8.33,1,0,0,0,0,75.93
2025-07-04T03:00:00+02:00,581,0,0,571,55,0.33,1,-3.67,1,0,0,0,0,75.53
2025-07-04T03:15:00+02:00,342,0,0,328,53,0,0,-3,1,0,0,0,0,75.23
2025-07-04T03:30:00+02:00,372,0,0,367,52,0,0,-8,1,0,0,0,0,75.03
2025-07-04T03:45:00+02:00,390,0,0,368,51,0,0,9.67,1,0,0,0,0,74.8
2025-07-04T04:00:00+02:00,385,0,0,366,50,0,0,5.33,1,0,0,0,0,74.67
2025-07-04T04:15:00+02:00,358,0,0,352,49,0,0,-15.67,1,0,0,0,0,74.57
2025-07-04T04:30:00+02:00,440,0,0,421,48,0,0,2.33,1,0,0,0,0,74.43
2025-07-04T04:45:00+02:00,414,1,0,412,47,0,0,-7,1,0,0,0,0,74.33
2025-07-04T05:00:00+02:00,328,0,0,298,46,0,0,16.33,1,0,0,0,0,74.2
2025-07-04T05:15:00+02:00,365,1,0,355,45,0.67,1,-8.67,1,0,0,0,0,74.17
2025-07-04T05:30:00+02:00,436,5,0,409,43,4,1,8,1,0,0,0,0,74.1
2025-07-04T05:45:00+02:00,332,32,0,279,42,32,1,12.67,1,0,0,0,0,74.1
2025-07-04T06:00:00+02:00,491,82,1,396,41,81.67,1,-4.33,1,0,0,0,0,74.03
2025-07-04T06:15:00+02:00,323,133,0,175,40,132.33,1,-2.33,1,0,0,0,0,73.97
2025-07-04T06:30:00+02:00,477,163,0,316,40,162.67,1,-8.33,1,0,0,0,0,73.9
2025-07-04T06:45:00+02:00,458,190,0,255,39,190,1,6.67,1,0,0,0,0,73.9
2025-07-04T07:00:00+02:00,416,339,0,82,38,338,1,-15.33,1,0,0,0,0,73.8
2025-07-04T07:15:00+02:00,392,490,128,14,38,489,1,12.33,1,0,0,0,0,73.77
2025-07-04T07:30:00+02:00,405,396,60,49,38,395.67,1,14.67,1,0,0,0,0,73.73
2025-07-04T07:45:00+02:00,433,362,22,97,38,361.33,1,-10.33,1,0,0,0,0,73.7
2025-07-04T08:00:00+02:00,316,426,110,8,38,426,1,-3,1,0,0,0,0,73.6
2025-07-04T08:15:00+02:00,456,463,49,23,38,462,1,17.33,1,0,0,0,0,73.6
2025-07-04T08:30:00+02:00,473,611,242,46,38,610.33,1,25.33,1,0,0,0,0,73.6
2025-07-04T08:45:00+02:00,537,861,351,14,39,860,1,8.67,1,0,0,0,0,73.53
2025-07-04T09:00:00+02:00,554,1128,682,81,41,1128,1,-7,1,0,0,0,0,73.47
2025-07-04T09:15:00+02:00,385,893,504,3,42,892.33,1,-10.33,1,0,0,0,0,73.43
2025-07-04T09:30:00+02:00,426,996,598,13,44,996,1,7.33,1,0,0,0,0,73.37
2025-07-04T09:45:00+02:00,439,961,588,21,45,960.67,1,21.67,1,0,0,0,0,73.37
2025-07-04T10:00:00+02:00,547,1385,854,10,47,1384.33,1,0.33,1,0,0,0,0,73.3
2025-07-04T10:15:00+02:00,426,1629,1204,0,49,1628.67,1,6.33,1,0,0,0,0,73.3
2025-07-04T10:30:00+02:00,437,1798,1366,0,53,1797.67,1,9.67,1,0,0,0,0,73.23
2025-07-04T10:45:00+02:00,534,2098,1551,0,56,2097.67,1,-5.33,1,0,0,0,0,81.27
2025-07-04T11:00:00+02:00,651,2150,1499,0,60,2150,1,6.67,1,0,0,0,0,78.53
2025-07-04T11:15:00+02:00,582,2875,2293,0,65,2875,1,8.33,1,0,0,0,0,63.7
2025-07-04T11:30:00+02:00,490,3370,2870,0,72,3369.33,1,-3,1,0,0,0,0,61.97
2025-07-04T11:45:00+02:00,620,3910,3275,0,80,3909,1,-6.33,1,0,0,0,0,61.77
2025-07-04T12:00:00+02:00,718,4078,3339,0,88,4077.67,1,-19,1,0,0,0,0,62
2025-07-04T12:15:00+02:00,3232,4512,498,0,99,4511,1,-777,1,0,0,2704.67,1,60.47
2025-07-04T12:30:00+02:00,4768,4831,6,0,100,4831,1,-53.33,1,0,0,4218,1,60.77
2025-07-04T12:45:00+02:00,5295,5360,6,0,100,5359.33,1,-54,1,0,0,4783,1,61.53
2025-07-04T13:00:00+02:00,5529,5554,7,43,100,5554,1,-60,1,0,0,4136,1,62.37
2025-07-04T13:15:00+02:00,5571,5662,7,10,100,5661.33,1,-92.33,1,0,0,3866.33,1,63.03
2025-07-04T13:30:00+02:00,5999,6066,7,0,100,6065,1,-57,1,0,0,5400.67,1,64.1
2025-07-04T13:45:00+02:00,6136,6196,7,0,100,6195,1,-48.33,1,0,0,5611.67,1,65.33
2025-07-04T14:00:00+02:00,6234,6298,8,0,100,6297,1,-50,1,0,0,5630.67,1,66.73
2025-07-04T14:15:00+02:00,6350,6417,8,0,100,6416,1,-53.67,1,0,0,5686.67,1,67.77
2025-07-04T14:30:00+02:00,6527,6619,10,0,100,6618.33,1,-77.33,1,0,0,5997.67,1,68.67
2025-07-04T14:45:00+02:00,6463,6528,10,0,100,6527.33,1,-50,1,0,0,5882.33,1,69.53
2025-07-04T15:00:00+02:00,6233,6296,9,0,100,6295.67,1,-49.67,1,0,0,5739.67,1,70.67
2025-07-04T15:15:00+02:00,6002,6339,248,26,100,6338.33,1,-112,1,0,0,5292,1,72.13
2025-07-04T15:30:00+02:00,6239,6303,9,0,100,6302,1,-50.67,1,0,0,5677,1,74.53
2025-07-04T15:45:00+02:00,1749,6423,10,0,100,6422,1,-4659,1,0,0,1183,1,77.4
2025-07-04T16:00:00+02:00,989,6571,11,0,100,6570.33,1,-5566.33,1,0,0,453,1,76.3
2025-07-04T16:15:00+02:00,1288,6466,10,0,100,6465.33,1,-5163,1,0,0,759.33,1,83.23

