Zeitstempel,preis (ct/kWh)
2025-07-01T00:00:00,11.128
2025-07-01T00:15:00,11.128
2025-07-01T00:30:00,11.128
2025-07-01T00:45:00,11.128
2025-07-01T01:00:00,9.529
2025-07-01T01:15:00,9.529
2025-07-01T01:30:00,9.529
2025-07-01T01:45:00,9.529
2025-07-01T02:00:00,8.91
2025-07-01T02:15:00,8.91
2025-07-01T02:30:00,8.91
2025-07-01T02:45:00,8.91
2025-07-01T03:00:00,8.808
2025-07-01T03:15:00,8.808
2025-07-01T03:30:00,8.808
2025-07-01T03:45:00,8.808
2025-07-01T04:00:00,9.001000000000001
2025-07-01T04:15:00,9.001000000000001
2025-07-01T04:30:00,9.001000000000001
2025-07-01T04:45:00,9.001000000000001
2025-07-01T05:00:00,9.65
2025-07-01T05:15:00,9.65
2025-07-01T05:30:00,9.65
2025-07-01T05:45:00,9.65
2025-07-01T06:00:00,11.497
2025-07-01T06:15:00,11.497
2025-07-01T06:30:00,11.497
2025-07-01T06:45:00,11.497
2025-07-01T07:00:00,12.011
2025-07-01T07:15:00,12.011
2025-07-01T07:30:00,12.011
2025-07-01T07:45:00,12.011
2025-07-01T08:00:00,11.472
2025-07-01T08:15:00,11.472
2025-07-01T08:30:00,11.472
2025-07-01T08:45:00,11.472
2025-07-01T09:00:00,9.119
2025-07-01T09:15:00,9.119
2025-07-01T09:30:00,9.119
2025-07-01T09:45:00,9.119
2025-07-01T10:00:00,8.431000000000001
2025-07-01T10:15:00,8.431000000000001
2025-07-01T10:30:00,8.431000000000001
2025-07-01T10:45:00,8.431000000000001
2025-07-01T11:00:00,6.956
2025-07-01T11:15:00,6.956
2025-07-01T11:30:00,6.956
2025-07-01T11:45:00,6.956
2025-07-01T12:00:00,4.454
2025-07-01T12:15:00,4.454
2025-07-01T12:30:00,4.454
2025-07-01T12:45:00,4.454
2025-07-01T13:00:00,4.247
2025-07-01T13:15:00,4.247
2025-07-01T13:30:00,4.247
2025-07-01T13:45:00,4.247
2025-07-01T14:00:00,5.765
2025-07-01T14:15:00,5.765
2025-07-01T14:30:00,5.765
2025-07-01T14:45:00,5.765
2025-07-01T15:00:00,7.814
2025-07-01T15:15:00,7.814
2025-07-01T15:30:00,7.814
2025-07-01T15:45:00,7.814
2025-07-01T16:00:00,9.08
2025-07-01T16:15:00,9.08
2025-07-01T16:30:00,9.08
2025-07-01T16:45:00,9.08
2025-07-01T17:00:00,10.202
2025-07-01T17:15:00,10.202
2025-07-01T17:30:00,10.202
2025-07-01T17:45:00,10.202
2025-07-01T18:00:00,15.208000000000002
2025-07-01T18:15:00,15.208000000000002
2025-07-01T18:30:00,15.208000000000002
2025-07-01T18:45:00,15.208000000000002
2025-07-01T19:00:00,30.726999999999997
2025-07-01T19:15:00,30.726999999999997
2025-07-01T19:30:00,30.726999999999997
2025-07-01T19:45:00,30.726999999999997
2025-07-01T20:00:00,47.619
2025-07-01T20:15:00,47.619
2025-07-01T20:30:00,47.619
2025-07-01T20:45:00,47.619
2025-07-01T21:00:00,40.681
2025-07-01T21:15:00,40.681
2025-07-01T21:30:00,40.681
2025-07-01T21:45:00,40.681
2025-07-01T22:00:00,25.000999999999998
2025-07-01T22:15:00,25.000999999999998
2025-07-01T22:30:00,25.000999999999998
2025-07-01T22:45:00,25.000999999999998
2025-07-01T23:00:00,14.765
2025-07-01T23:15:00,14.765
2025-07-01T23:30:00,14.765
2025-07-01T23:45:00,14.765
2025-07-02T00:00:00,11.929
2025-07-02T00:15:00,11.929
2025-07-02T00:30:00,11.929
2025-07-02T00:45:00,11.929
2025-07-02T01:00:00,10.27
2025-07-02T01:15:00,10.27
2025-07-02T01:30:00,10.27
2025-07-02T01:45:00,10.27
2025-07-02T02:00:00,9.254000000000001
2025-07-02T02:15:00,9.254000000000001
2025-07-02T02:30:00,9.254000000000001
2025-07-02T02:45:00,9.254000000000001
2025-07-02T03:00:00,9.208
2025-07-02T03:15:00,9.208
2025-07-02T03:30:00,9.208
2025-07-02T03:45:00,9.208
2025-07-02T04:00:00,9.171
2025-07-02T04:15:00,9.171
2025-07-02T04:30:00,9.171
2025-07-02T04:45:00,9.171
2025-07-02T05:00:00,10.055
2025-07-02T05:15:00,10.055
2025-07-02T05:30:00,10.055
2025-07-02T05:45:00,10.055
2025-07-02T06:00:00,11.643
2025-07-02T06:15:00,11.643
2025-07-02T06:30:00,11.643
2025-07-02T06:45:00,11.643
2025-07-02T07:00:00,11.042
2025-07-02T07:15:00,11.042
2025-07-02T07:30:00,11.042
2025-07-02T07:45:00,11.042
2025-07-02T08:00:00,10.452
2025-07-02T08:15:00,10.452
2025-07-02T08:30:00,10.452
2025-07-02T08:45:00,10.452
2025-07-02T09:00:00,9.262
2025-07-02T09:15:00,9.262
2025-07-02T09:30:00,9.262
2025-07-02T09:45:00,9.262
2025-07-02T10:00:00,8.106
2025-07-02T10:15:00,8.106
2025-07-02T10:30:00,8.106
2025-07-02T10:45:00,8.106
2025-07-02T11:00:00,6.993
2025-07-02T11:15:00,6.993
2025-07-02T11:30:00,6.993
2025-07-02T11:45:00,6.993
2025-07-02T12:00:00,3.6119999999999997
2025-07-02T12:15:00,3.6119999999999997
2025-07-02T12:30:00,3.6119999999999997
2025-07-02T12:45:00,3.6119999999999997
2025-07-02T13:00:00,3.2590000000000003
2025-07-02T13:15:00,3.2590000000000003
2025-07-02T13:30:00,3.2590000000000003
2025-07-02T13:45:00,3.2590000000000003
2025-07-02T14:00:00,4.661
2025-07-02T14:15:00,4.661
2025-07-02T14:30:00,4.661
2025-07-02T14:45:00,4.661
2025-07-02T15:00:00,7.148999999999999
2025-07-02T15:15:00,7.148999999999999
2025-07-02T15:30:00,7.148999999999999
2025-07-02T15:45:00,7.148999999999999
2025-07-02T16:00:00,7.959999999999999
2025-07-02T16:15:00,7.959999999999999
2025-07-02T16:30:00,7.959999999999999
2025-07-02T16:45:00,7.959999999999999
2025-07-02T17:00:00,8.927
2025-07-02T17:15:00,8.927
2025-07-02T17:30:00,8.927
2025-07-02T17:45:00,8.927
2025-07-02T18:00:00,11.399
2025-07-02T18:15:00,11.399
2025-07-02T18:30:00,11.399
2025-07-02T18:45:00,11.399
2025-07-02T19:00:00,18.601
2025-07-02T19:15:00,18.601
2025-07-02T19:30:00,18.601
2025-07-02T19:45:00,18.601
2025-07-02T20:00:00,24.006999999999998
2025-07-02T20:15:00,24.006999999999998
2025-07-02T20:30:00,24.006999999999998
2025-07-02T20:45:00,24.006999999999998
2025-07-02T21:00:00,18.021
2025-07-02T21:15:00,18.021
2025-07-02T21:30:00,18.021
2025-07-02T21:45:00,18.021
2025-07-02T22:00:00,13.493
2025-07-02T22:15:00,13.493
2025-07-02T22:30:00,13.493
2025-07-02T22:45:00,13.493
2025-07-02T23:00:00,10.85
2025-07-02T23:15:00,10.85
2025-07-02T23:30:00,10.85
2025-07-02T23:45:00,10.85
2025-07-03T00:00:00,8.349
2025-07-03T00:15:00,8.349
2025-07-03T00:30:00,8.349
2025-07-03T00:45:00,8.349
2025-07-03T01:00:00,8.115
2025-07-03T01:15:00,8.115
2025-07-03T01:30:00,8.115
2025-07-03T01:45:00,8.115
2025-07-03T02:00:00,7.9
2025-07-03T02:15:00,7.9
2025-07-03T02:30:00,7.9
2025-07-03T02:45:00,7.9
2025-07-03T03:00:00,7.893000000000001
2025-07-03T03:15:00,7.893000000000001
2025-07-03T03:30:00,7.893000000000001
2025-07-03T03:45:00,7.893000000000001
2025-07-03T04:00:00,8.088
2025-07-03T04:15:00,8.088
2025-07-03T04:30:00,8.088
2025-07-03T04:45:00,8.088
2025-07-03T05:00:00,8.645
2025-07-03T05:15:00,8.645
2025-07-03T05:30:00,8.645
2025-07-03T05:45:00,8.645
2025-07-03T06:00:00,10.492
2025-07-03T06:15:00,10.492
2025-07-03T06:30:00,10.492
2025-07-03T06:45:00,10.492
2025-07-03T07:00:00,10.803
2025-07-03T07:15:00,10.803
2025-07-03T07:30:00,10.803
2025-07-03T07:45:00,10.803
2025-07-03T08:00:00,10.49
2025-07-03T08:15:00,10.49
2025-07-03T08:30:00,10.49
2025-07-03T08:45:00,10.49
2025-07-03T09:00:00,9.045
2025-07-03T09:15:00,9.045
2025-07-03T09:30:00,9.045
2025-07-03T09:45:00,9.045
2025-07-03T10:00:00,7.506
2025-07-03T10:15:00,7.506
2025-07-03T10:30:00,7.506
2025-07-03T10:45:00,7.506
2025-07-03T11:00:00,5.735
2025-07-03T11:15:00,5.735
2025-07-03T11:30:00,5.735
2025-07-03T11:45:00,5.735
2025-07-03T12:00:00,4.215999999999999
2025-07-03T12:15:00,4.215999999999999
2025-07-03T12:30:00,4.215999999999999
2025-07-03T12:45:00,4.215999999999999
2025-07-03T13:00:00,3.3909999999999996
2025-07-03T13:15:00,3.3909999999999996
2025-07-03T13:30:00,3.3909999999999996
2025-07-03T13:45:00,3.3909999999999996
2025-07-03T14:00:00,2.472
2025-07-03T14:15:00,2.472
2025-07-03T14:30:00,2.472
2025-07-03T14:45:00,2.472
2025-07-03T15:00:00,3.786
2025-07-03T15:15:00,3.786
2025-07-03T15:30:00,3.786
2025-07-03T15:45:00,3.786
2025-07-03T16:00:00,5.857
2025-07-03T16:15:00,5.857
2025-07-03T16:30:00,5.857
2025-07-03T16:45:00,5.857
2025-07-03T17:00:00,8.1
2025-07-03T17:15:00,8.1
2025-07-03T17:30:00,8.1
2025-07-03T17:45:00,8.1
2025-07-03T18:00:00,9.519
2025-07-03T18:15:00,9.519
2025-07-03T18:30:00,9.519
2025-07-03T18:45:00,9.519
2025-07-03T19:00:00,10.72
2025-07-03T19:15:00,10.72
2025-07-03T19:30:00,10.72
2025-07-03T19:45:00,10.72
2025-07-03T20:00:00,14.696000000000002
2025-07-03T20:15:00,14.696000000000002
2025-07-03T20:30:00,14.696000000000002
2025-07-03T20:45:00,14.696000000000002
2025-07-03T21:00:00,16.666999999999998
2025-07-03T21:15:00,16.666999999999998
2025-07-03T21:30:00,16.666999999999998
2025-07-03T21:45:00,16.666999999999998
2025-07-03T22:00:00,13.330000000000002
2025-07-03T22:15:00,13.330000000000002
2025-07-03T22:30:00,13.330000000000002
2025-07-03T22:45:00,13.330000000000002
2025-07-03T23:00:00,11.703
2025-07-03T23:15:00,11.703
2025-07-03T23:30:00,11.703
2025-07-03T23:45:00,11.703
2025-07-04T00:00:00,11.101
2025-07-04T00:15:00,11.101
2025-07-04T00:30:00,11.101
2025-07-04T00:45:00,11.101
2025-07-04T01:00:00,10.545
2025-07-04T01:15:00,10.545
2025-07-04T01:30:00,10.545
2025-07-04T01:45:00,10.545
2025-07-04T02:00:00,10.131
2025-07-04T02:15:00,10.131
2025-07-04T02:30:00,10.131
2025-07-04T02:45:00,10.131
2025-07-04T03:00:00,9.844
2025-07-04T03:15:00,9.844
2025-07-04T03:30:00,9.844
2025-07-04T03:45:00,9.844
2025-07-04T04:00:00,10.32
2025-07-04T04:15:00,10.32
2025-07-04T04:30:00,10.32
2025-07-04T04:45:00,10.32
2025-07-04T05:00:00,10.663
2025-07-04T05:15:00,10.663
2025-07-04T05:30:00,10.663
2025-07-04T05:45:00,10.663
2025-07-04T06:00:00,12.238
2025-07-04T06:15:00,12.238
2025-07-04T06:30:00,12.238
2025-07-04T06:45:00,12.238
2025-07-04T07:00:00,11.645999999999999
2025-07-04T07:15:00,11.645999999999999
2025-07-04T07:30:00,11.645999999999999
2025-07-04T07:45:00,11.645999999999999
2025-07-04T08:00:00,10.0
2025-07-04T08:15:00,10.0
2025-07-04T08:30:00,10.0
2025-07-04T08:45:00,10.0
2025-07-04T09:00:00,9.115
2025-07-04T09:15:00,9.115
2025-07-04T09:30:00,9.115
2025-07-04T09:45:00,9.115
2025-07-04T10:00:00,7.001
2025-07-04T10:15:00,7.001
2025-07-04T10:30:00,7.001
2025-07-04T10:45:00,7.001
2025-07-04T11:00:00,0.669
2025-07-04T11:15:00,0.669
2025-07-04T11:30:00,0.669
2025-07-04T11:45:00,0.669
2025-07-04T12:00:00,-0.005
2025-07-04T12:15:00,-0.005
2025-07-04T12:30:00,-0.005
2025-07-04T12:45:00,-0.005
2025-07-04T13:00:00,-0.156
2025-07-04T13:15:00,-0.156
2025-07-04T13:30:00,-0.156
2025-07-04T13:45:00,-0.156
2025-07-04T14:00:00,-0.137
2025-07-04T14:15:00,-0.137
2025-07-04T14:30:00,-0.137
2025-07-04T14:45:00,-0.137
2025-07-04T15:00:00,-0.061
2025-07-04T15:15:00,-0.061
2025-07-04T15:30:00,-0.061
2025-07-04T15:45:00,-0.061
2025-07-04T16:00:00,0.23900000000000002
2025-07-04T16:15:00,0.23900000000000002
2025-07-04T16:30:00,0.23900000000000002
2025-07-04T16:45:00,0.23900000000000002
2025-07-04T17:00:00,6.204
2025-07-04T17:15:00,6.204
2025-07-04T17:30:00,6.204
2025-07-04T17:45:00,6.204
2025-07-04T18:00:00,8.868
2025-07-04T18:15:00,8.868
2025-07-04T18:30:00,8.868
2025-07-04T18:45:00,8.868
2025-07-04T19:00:00,11.0
2025-07-04T19:15:00,11.0
2025-07-04T19:30:00,11.0
2025-07-04T19:45:00,11.0
2025-07-04T20:00:00,13.074000000000002
2025-07-04T20:15:00,13.074000000000002
2025-07-04T20:30:00,13.074000000000002
2025-07-04T20:45:00,13.074000000000002
2025-07-04T21:00:00,15.01
2025-07-04T21:15:00,15.01
2025-07-04T21:30:00,15.01
2025-07-04T21:45:00,15.01
2025-07-04T22:00:00,12.968
2025-07-04T22:15:00,12.968
2025-07-04T22:30:00,12.968
2025-07-04T22:45:00,12.968
2025-07-04T23:00:00,10.799
2025-07-04T23:15:00,10.799
2025-07-04T23:30:00,10.799
2025-07-04T23:45:00,10.799
2025-07-05T00:00:00,10.42
2025-07-05T00:15:00,10.42
2025-07-05T00:30:00,10.42
2025-07-05T00:45:00,10.42
2025-07-05T01:00:00,9.498000000000001
2025-07-05T01:15:00,9.498000000000001
2025-07-05T01:30:00,9.498000000000001
2025-07-05T01:45:00,9.498000000000001
2025-07-05T02:00:00,9.65
2025-07-05T02:15:00,9.65
2025-07-05T02:30:00,9.65
2025-07-05T02:45:00,9.65
2025-07-05T03:00:00,9.34
2025-07-05T03:15:00,9.34
2025-07-05T03:30:00,9.34
2025-07-05T03:45:00,9.34
2025-07-05T04:00:00,9.45
2025-07-05T04:15:00,9.45
2025-07-05T04:30:00,9.45
2025-07-05T04:45:00,9.45
2025-07-05T05:00:00,8.349
2025-07-05T05:15:00,8.349
2025-07-05T05:30:00,8.349
2025-07-05T05:45:00,8.349
2025-07-05T06:00:00,8.447
2025-07-05T06:15:00,8.447
2025-07-05T06:30:00,8.447
2025-07-05T06:45:00,8.447
2025-07-05T07:00:00,4.377000000000001
2025-07-05T07:15:00,4.377000000000001
2025-07-05T07:30:00,4.377000000000001
2025-07-05T07:45:00,4.377000000000001
2025-07-05T08:00:00,1.786
2025-07-05T08:15:00,1.786
2025-07-05T08:30:00,1.786
2025-07-05T08:45:00,1.786
2025-07-05T09:00:00,0.33399999999999996
2025-07-05T09:15:00,0.33399999999999996
2025-07-05T09:30:00,0.33399999999999996
2025-07-05T09:45:00,0.33399999999999996
2025-07-05T10:00:00,0.0
2025-07-05T10:15:00,0.0
2025-07-05T10:30:00,0.0
2025-07-05T10:45:00,0.0
2025-07-05T11:00:00,-0.008
2025-07-05T11:15:00,-0.008
2025-07-05T11:30:00,-0.008
2025-07-05T11:45:00,-0.008
2025-07-05T12:00:00,-0.101
2025-07-05T12:15:00,-0.101
2025-07-05T12:30:00,-0.101
2025-07-05T12:45:00,-0.101
2025-07-05T13:00:00,-0.205
2025-07-05T13:15:00,-0.205
2025-07-05T13:30:00,-0.205
2025-07-05T13:45:00,-0.205
2025-07-05T14:00:00,-0.211
2025-07-05T14:15:00,-0.211
2025-07-05T14:30:00,-0.211
2025-07-05T14:45:00,-0.211
2025-07-05T15:00:00,-0.20099999999999998
2025-07-05T15:15:00,-0.20099999999999998
2025-07-05T15:30:00,-0.20099999999999998
2025-07-05T15:45:00,-0.20099999999999998
2025-07-05T16:00:00,-0.22599999999999998
2025-07-05T16:15:00,-0.22599999999999998
2025-07-05T16:30:00,-0.22599999999999998
2025-07-05T16:45:00,-0.22599999999999998
2025-07-05T17:00:00,0.0
2025-07-05T17:15:00,0.0
2025-07-05T17:30:00,0.0
2025-07-05T17:45:00,0.0
2025-07-05T18:00:00,4.125
2025-07-05T18:15:00,4.125
2025-07-05T18:30:00,4.125
2025-07-05T18:45:00,4.125
2025-07-05T19:00:00,8.5
2025-07-05T19:15:00,8.5
2025-07-05T19:30:00,8.5
2025-07-05T19:45:00,8.5
2025-07-05T20:00:00,11.101
2025-07-05T20:15:00,11.101
2025-07-05T20:30:00,11.101
2025-07-05T20:45:00,11.101
2025-07-05T21:00:00,12.296
2025-07-05T21:15:00,12.296
2025-07-05T21:30:00,12.296
2025-07-05T21:45:00,12.296
2025-07-05T22:00:00,11.714
2025-07-05T22:15:00,11.714
2025-07-05T22:30:00,11.714
2025-07-05T22:45:00,11.714
2025-07-05T23:00:00,10.821
2025-07-05T23:15:00,10.821
2025-07-05T23:30:00,10.821
2025-07-05T23:45:00,10.821
2025-07-06T00:00:00,9.515
2025-07-06T00:15:00,9.515
2025-07-06T00:30:00,9.515
2025-07-06T00:45:00,9.515
2025-07-06T01:00:00,8.95
2025-07-06T01:15:00,8.95
2025-07-06T01:30:00,8.95
2025-07-06T01:45:00,8.95
2025-07-06T02:00:00,8.594
2025-07-06T02:15:00,8.594
2025-07-06T02:30:00,8.594
2025-07-06T02:45:00,8.594
2025-07-06T03:00:00,8.395
2025-07-06T03:15:00,8.395
2025-07-06T03:30:00,8.395
2025-07-06T03:45:00,8.395
2025-07-06T04:00:00,8.26
2025-07-06T04:15:00,8.26
2025-07-06T04:30:00,8.26
2025-07-06T04:45:00,8.26
2025-07-06T05:00:00,8.2
2025-07-06T05:15:00,8.2
2025-07-06T05:30:00,8.2
2025-07-06T05:45:00,8.2
2025-07-06T06:00:00,7.845999999999999
2025-07-06T06:15:00,7.845999999999999
2025-07-06T06:30:00,7.845999999999999
2025-07-06T06:45:00,7.845999999999999
2025-07-06T07:00:00,7.757
2025-07-06T07:15:00,7.757
2025-07-06T07:30:00,7.757
2025-07-06T07:45:00,7.757
2025-07-06T08:00:00,7.0569999999999995
2025-07-06T08:15:00,7.0569999999999995
2025-07-06T08:30:00,7.0569999999999995
2025-07-06T08:45:00,7.0569999999999995
2025-07-06T09:00:00,3.8810000000000002
2025-07-06T09:15:00,3.8810000000000002
2025-07-06T09:30:00,3.8810000000000002
2025-07-06T09:45:00,3.8810000000000002
2025-07-06T10:00:00,1.921
2025-07-06T10:15:00,1.921
2025-07-06T10:30:00,1.921
2025-07-06T10:45:00,1.921
2025-07-06T11:00:00,1.319
2025-07-06T11:15:00,1.319
2025-07-06T11:30:00,1.319
2025-07-06T11:45:00,1.319
2025-07-06T12:00:00,1.026
2025-07-06T12:15:00,1.026
2025-07-06T12:30:00,1.026
2025-07-06T12:45:00,1.026
2025-07-06T13:00:00,0.585
2025-07-06T13:15:00,0.585
2025-07-06T13:30:00,0.585
2025-07-06T13:45:00,0.585
2025-07-06T14:00:00,1.1199999999999999
2025-07-06T14:15:00,1.1199999999999999
2025-07-06T14:30:00,1.1199999999999999
2025-07-06T14:45:00,1.1199999999999999
2025-07-06T15:00:00,5.057
2025-07-06T15:15:00,5.057
2025-07-06T15:30:00,5.057
2025-07-06T15:45:00,5.057
2025-07-06T16:00:00,7.077
2025-07-06T16:15:00,7.077
2025-07-06T16:30:00,7.077
2025-07-06T16:45:00,7.077
2025-07-06T17:00:00,10.029
2025-07-06T17:15:00,10.029
2025-07-06T17:30:00,10.029
2025-07-06T17:45:00,10.029
2025-07-06T18:00:00,10.737
2025-07-06T18:15:00,10.737
2025-07-06T18:30:00,10.737
2025-07-06T18:45:00,10.737
2025-07-06T19:00:00,11.216
2025-07-06T19:15:00,11.216
2025-07-06T19:30:00,11.216
2025-07-06T19:45:00,11.216
2025-07-06T20:00:00,12.032
2025-07-06T20:15:00,12.032
2025-07-06T20:30:00,12.032
2025-07-06T20:45:00,12.032
2025-07-06T21:00:00,12.504000000000001
2025-07-06T21:15:00,12.504000000000001
2025-07-06T21:30:00,12.504000000000001
2025-07-06T21:45:00,12.504000000000001
2025-07-06T22:00:00,12.221
2025-07-06T22:15:00,12.221
2025-07-06T22:30:00,12.221
2025-07-06T22:45:00,12.221
2025-07-06T23:00:00,11.078
2025-07-06T23:15:00,11.078
2025-07-06T23:30:00,11.078
2025-07-06T23:45:00,11.078
2025-07-07T00:00:00,11.884
2025-07-07T00:15:00,11.884
2025-07-07T00:30:00,11.884
2025-07-07T00:45:00,11.884
2025-07-07T01:00:00,10.742
2025-07-07T01:15:00,10.742
2025-07-07T01:30:00,10.742
2025-07-07T01:45:00,10.742
2025-07-07T02:00:00,10.192
2025-07-07T02:15:00,10.192
2025-07-07T02:30:00,10.192
2025-07-07T02:45:00,10.192
2025-07-07T03:00:00,9.912
2025-07-07T03:15:00,9.912
2025-07-07T03:30:00,9.912
2025-07-07T03:45:00,9.912
2025-07-07T04:00:00,10.1
2025-07-07T04:15:00,10.1
2025-07-07T04:30:00,10.1
2025-07-07T04:45:00,10.1
2025-07-07T05:00:00,10.822
2025-07-07T05:15:00,10.822
2025-07-07T05:30:00,10.822
2025-07-07T05:45:00,10.822
2025-07-07T06:00:00,13.419999999999998
2025-07-07T06:15:00,13.419999999999998
2025-07-07T06:30:00,13.419999999999998
2025-07-07T06:45:00,13.419999999999998
2025-07-07T07:00:00,14.366999999999999
2025-07-07T07:15:00,14.366999999999999
2025-07-07T07:30:00,14.366999999999999
2025-07-07T07:45:00,14.366999999999999
2025-07-07T08:00:00,15.229
2025-07-07T08:15:00,15.229
2025-07-07T08:30:00,15.229
2025-07-07T08:45:00,15.229
2025-07-07T09:00:00,13.199000000000002
2025-07-07T09:15:00,13.199000000000002
2025-07-07T09:30:00,13.199000000000002
2025-07-07T09:45:00,13.199000000000002
2025-07-07T10:00:00,10.864
2025-07-07T10:15:00,10.864
2025-07-07T10:30:00,10.864
2025-07-07T10:45:00,10.864
2025-07-07T11:00:00,10.898
2025-07-07T11:15:00,10.898
2025-07-07T11:30:00,10.898
2025-07-07T11:45:00,10.898
2025-07-07T12:00:00,9.024
2025-07-07T12:15:00,9.024
2025-07-07T12:30:00,9.024
2025-07-07T12:45:00,9.024
2025-07-07T13:00:00,7.1
2025-07-07T13:15:00,7.1
2025-07-07T13:30:00,7.1
2025-07-07T13:45:00,7.1
2025-07-07T14:00:00,5.3020000000000005
2025-07-07T14:15:00,5.3020000000000005
2025-07-07T14:30:00,5.3020000000000005
2025-07-07T14:45:00,5.3020000000000005
2025-07-07T15:00:00,5.067
2025-07-07T15:15:00,5.067
2025-07-07T15:30:00,5.067
2025-07-07T15:45:00,5.067
2025-07-07T16:00:00,5.2509999999999994
2025-07-07T16:15:00,5.2509999999999994
2025-07-07T16:30:00,5.2509999999999994
2025-07-07T16:45:00,5.2509999999999994
2025-07-07T17:00:00,7.2299999999999995
2025-07-07T17:15:00,7.2299999999999995
2025-07-07T17:30:00,7.2299999999999995
2025-07-07T17:45:00,7.2299999999999995
2025-07-07T18:00:00,8.795
2025-07-07T18:15:00,8.795
2025-07-07T18:30:00,8.795
2025-07-07T18:45:00,8.795
2025-07-07T19:00:00,9.227
2025-07-07T19:15:00,9.227
2025-07-07T19:30:00,9.227
2025-07-07T19:45:00,9.227
2025-07-07T20:00:00,9.728
2025-07-07T20:15:00,9.728
2025-07-07T20:30:00,9.728
2025-07-07T20:45:00,9.728
2025-07-07T21:00:00,10.992
2025-07-07T21:15:00,10.992
2025-07-07T21:30:00,10.992
2025-07-07T21:45:00,10.992
2025-07-07T22:00:00,11.009
2025-07-07T22:15:00,11.009
2025-07-07T22:30:00,11.009
2025-07-07T22:45:00,11.009
2025-07-07T23:00:00,9.581999999999999
2025-07-07T23:15:00,9.581999999999999
2025-07-07T23:30:00,9.581999999999999
2025-07-07T23:45:00,9.581999999999999
2025-07-08T00:00:00,10.383
2025-07-08T00:15:00,10.383
2025-07-08T00:30:00,10.383
2025-07-08T00:45:00,10.383
2025-07-08T01:00:00,9.290000000000001
2025-07-08T01:15:00,9.290000000000001
2025-07-08T01:30:00,9.290000000000001
2025-07-08T01:45:00,9.290000000000001
2025-07-08T02:00:00,8.613
2025-07-08T02:15:00,8.613
2025-07-08T02:30:00,8.613
2025-07-08T02:45:00,8.613
2025-07-08T03:00:00,8.478
2025-07-08T03:15:00,8.478
2025-07-08T03:30:00,8.478
2025-07-08T03:45:00,8.478
2025-07-08T04:00:00,8.537
2025-07-08T04:15:00,8.537
2025-07-08T04:30:00,8.537
2025-07-08T04:45:00,8.537
2025-07-08T05:00:00,9.114
2025-07-08T05:15:00,9.114
2025-07-08T05:30:00,9.114
2025-07-08T05:45:00,9.114
2025-07-08T06:00:00,10.799
2025-07-08T06:15:00,10.799
2025-07-08T06:30:00,10.799
2025-07-08T06:45:00,10.799
2025-07-08T07:00:00,11.865
2025-07-08T07:15:00,11.865
2025-07-08T07:30:00,11.865
2025-07-08T07:45:00,11.865
2025-07-08T08:00:00,11.776
2025-07-08T08:15:00,11.776
2025-07-08T08:30:00,11.776
2025-07-08T08:45:00,11.776
2025-07-08T09:00:00,9.406
2025-07-08T09:15:00,9.406
2025-07-08T09:30:00,9.406
2025-07-08T09:45:00,9.406
2025-07-08T10:00:00,8.178
2025-07-08T10:15:00,8.178
2025-07-08T10:30:00,8.178
2025-07-08T10:45:00,8.178
2025-07-08T11:00:00,7.843999999999999
2025-07-08T11:15:00,7.843999999999999
2025-07-08T11:30:00,7.843999999999999
2025-07-08T11:45:00,7.843999999999999
2025-07-08T12:00:00,6.015
2025-07-08T12:15:00,6.015
2025-07-08T12:30:00,6.015
2025-07-08T12:45:00,6.015
2025-07-08T13:00:00,5.4719999999999995
2025-07-08T13:15:00,5.4719999999999995
2025-07-08T13:30:00,5.4719999999999995
2025-07-08T13:45:00,5.4719999999999995
2025-07-08T14:00:00,5.304
2025-07-08T14:15:00,5.304
2025-07-08T14:30:00,5.304
2025-07-08T14:45:00,5.304
2025-07-08T15:00:00,5.465
2025-07-08T15:15:00,5.465
2025-07-08T15:30:00,5.465
2025-07-08T15:45:00,5.465
2025-07-08T16:00:00,6.5200000000000005
2025-07-08T16:15:00,6.5200000000000005
2025-07-08T16:30:00,6.5200000000000005
2025-07-08T16:45:00,6.5200000000000005
2025-07-08T17:00:00,7.998
2025-07-08T17:15:00,7.998
2025-07-08T17:30:00,7.998
2025-07-08T17:45:00,7.998
2025-07-08T18:00:00,8.392
2025-07-08T18:15:00,8.392
2025-07-08T18:30:00,8.392
2025-07-08T18:45:00,8.392
2025-07-08T19:00:00,10.209999999999999
2025-07-08T19:15:00,10.209999999999999
2025-07-08T19:30:00,10.209999999999999
2025-07-08T19:45:00,10.209999999999999
2025-07-08T20:00:00,12.277
2025-07-08T20:15:00,12.277
2025-07-08T20:30:00,12.277
2025-07-08T20:45:00,12.277
2025-07-08T21:00:00,12.334
2025-07-08T21:15:00,12.334
2025-07-08T21:30:00,12.334
2025-07-08T21:45:00,12.334
2025-07-08T22:00:00,11.665000000000001
2025-07-08T22:15:00,11.665000000000001
2025-07-08T22:30:00,11.665000000000001
2025-07-08T22:45:00,11.665000000000001
2025-07-08T23:00:00,10.095
2025-07-08T23:15:00,10.095
2025-07-08T23:30:00,10.095
2025-07-08T23:45:00,10.095
2025-07-09T00:00:00,9.715
2025-07-09T00:15:00,9.715
2025-07-09T00:30:00,9.715
2025-07-09T00:45:00,9.715
2025-07-09T01:00:00,8.684999999999999
2025-07-09T01:15:00,8.684999999999999
2025-07-09T01:30:00,8.684999999999999
2025-07-09T01:45:00,8.684999999999999
2025-07-09T02:00:00,8.386
2025-07-09T02:15:00,8.386
2025-07-09T02:30:00,8.386
2025-07-09T02:45:00,8.386
2025-07-09T03:00:00,8.465
2025-07-09T03:15:00,8.465
2025-07-09T03:30:00,8.465
2025-07-09T03:45:00,8.465
2025-07-09T04:00:00,8.51
2025-07-09T04:15:00,8.51
2025-07-09T04:30:00,8.51
2025-07-09T04:45:00,8.51
2025-07-09T05:00:00,9.615
2025-07-09T05:15:00,9.615
2025-07-09T05:30:00,9.615
2025-07-09T05:45:00,9.615
2025-07-09T06:00:00,11.366
2025-07-09T06:15:00,11.366
2025-07-09T06:30:00,11.366
2025-07-09T06:45:00,11.366
2025-07-09T07:00:00,11.645999999999999
2025-07-09T07:15:00,11.645999999999999
2025-07-09T07:30:00,11.645999999999999
2025-07-09T07:45:00,11.645999999999999
2025-07-09T08:00:00,11.359
2025-07-09T08:15:00,11.359
2025-07-09T08:30:00,11.359
2025-07-09T08:45:00,11.359
2025-07-09T09:00:00,9.565999999999999
2025-07-09T09:15:00,9.565999999999999
2025-07-09T09:30:00,9.565999999999999
2025-07-09T09:45:00,9.565999999999999
2025-07-09T10:00:00,8.468
2025-07-09T10:15:00,8.468
2025-07-09T10:30:00,8.468
2025-07-09T10:45:00,8.468
2025-07-09T11:00:00,7.776999999999999
2025-07-09T11:15:00,7.776999999999999
2025-07-09T11:30:00,7.776999999999999
2025-07-09T11:45:00,7.776999999999999
2025-07-09T12:00:00,6.567
2025-07-09T12:15:00,6.567
2025-07-09T12:30:00,6.567
2025-07-09T12:45:00,6.567
2025-07-09T13:00:00,4.669
2025-07-09T13:15:00,4.669
2025-07-09T13:30:00,4.669
2025-07-09T13:45:00,4.669
2025-07-09T14:00:00,3.778
2025-07-09T14:15:00,3.778
2025-07-09T14:30:00,3.778
2025-07-09T14:45:00,3.778
2025-07-09T15:00:00,4.832
2025-07-09T15:15:00,4.832
2025-07-09T15:30:00,4.832
2025-07-09T15:45:00,4.832
2025-07-09T16:00:00,7.1129999999999995
2025-07-09T16:15:00,7.1129999999999995
2025-07-09T16:30:00,7.1129999999999995
2025-07-09T16:45:00,7.1129999999999995
2025-07-09T17:00:00,8.473
2025-07-09T17:15:00,8.473
2025-07-09T17:30:00,8.473
2025-07-09T17:45:00,8.473
2025-07-09T18:00:00,9.901
2025-07-09T18:15:00,9.901
2025-07-09T18:30:00,9.901
2025-07-09T18:45:00,9.901
2025-07-09T19:00:00,11.598
2025-07-09T19:15:00,11.598
2025-07-09T19:30:00,11.598
2025-07-09T19:45:00,11.598
2025-07-09T20:00:00,13.534
2025-07-09T20:15:00,13.534
2025-07-09T20:30:00,13.534
2025-07-09T20:45:00,13.534
2025-07-09T21:00:00,13.824000000000002
2025-07-09T21:15:00,13.824000000000002
2025-07-09T21:30:00,13.824000000000002
2025-07-09T21:45:00,13.824000000000002
2025-07-09T22:00:00,11.979000000000001
2025-07-09T22:15:00,11.979000000000001
2025-07-09T22:30:00,11.979000000000001
2025-07-09T22:45:00,11.979000000000001
2025-07-09T23:00:00,10.49
2025-07-09T23:15:00,10.49
2025-07-09T23:30:00,10.49
2025-07-09T23:45:00,10.49
2025-07-10T00:00:00,10.091
2025-07-10T00:15:00,10.091
2025-07-10T00:30:00,10.091
2025-07-10T00:45:00,10.091
2025-07-10T01:00:00,9.573
2025-07-10T01:15:00,9.573
2025-07-10T01:30:00,9.573
2025-07-10T01:45:00,9.573
2025-07-10T02:00:00,8.91
2025-07-10T02:15:00,8.91
2025-07-10T02:30:00,8.91
2025-07-10T02:45:00,8.91
2025-07-10T03:00:00,8.645
2025-07-10T03:15:00,8.645
2025-07-10T03:30:00,8.645
2025-07-10T03:45:00,8.645
2025-07-10T04:00:00,8.797
2025-07-10T04:15:00,8.797
2025-07-10T04:30:00,8.797
2025-07-10T04:45:00,8.797
2025-07-10T05:00:00,9.862
2025-07-10T05:15:00,9.862
2025-07-10T05:30:00,9.862
2025-07-10T05:45:00,9.862
2025-07-10T06:00:00,10.761
2025-07-10T06:15:00,10.761
2025-07-10T06:30:00,10.761
2025-07-10T06:45:00,10.761
2025-07-10T07:00:00,10.723
2025-07-10T07:15:00,10.723
2025-07-10T07:30:00,10.723
2025-07-10T07:45:00,10.723
2025-07-10T08:00:00,10.535
2025-07-10T08:15:00,10.535
2025-07-10T08:30:00,10.535
2025-07-10T08:45:00,10.535
2025-07-10T09:00:00,8.89
2025-07-10T09:15:00,8.89
2025-07-10T09:30:00,8.89
2025-07-10T09:45:00,8.89
2025-07-10T10:00:00,8.2
2025-07-10T10:15:00,8.2
2025-07-10T10:30:00,8.2
2025-07-10T10:45:00,8.2
2025-07-10T11:00:00,6.5329999999999995
2025-07-10T11:15:00,6.5329999999999995
2025-07-10T11:30:00,6.5329999999999995
2025-07-10T11:45:00,6.5329999999999995
2025-07-10T12:00:00,4.522
2025-07-10T12:15:00,4.522
2025-07-10T12:30:00,4.522
2025-07-10T12:45:00,4.522
2025-07-10T13:00:00,3.9509999999999996
2025-07-10T13:15:00,3.9509999999999996
2025-07-10T13:30:00,3.9509999999999996
2025-07-10T13:45:00,3.9509999999999996
2025-07-10T14:00:00,3.9549999999999996
2025-07-10T14:15:00,3.9549999999999996
2025-07-10T14:30:00,3.9549999999999996
2025-07-10T14:45:00,3.9549999999999996
2025-07-10T15:00:00,5.671
2025-07-10T15:15:00,5.671
2025-07-10T15:30:00,5.671
2025-07-10T15:45:00,5.671
2025-07-10T16:00:00,7.68
2025-07-10T16:15:00,7.68
2025-07-10T16:30:00,7.68
2025-07-10T16:45:00,7.68
2025-07-10T17:00:00,8.64
2025-07-10T17:15:00,8.64
2025-07-10T17:30:00,8.64
2025-07-10T17:45:00,8.64
2025-07-10T18:00:00,10.02
2025-07-10T18:15:00,10.02
2025-07-10T18:30:00,10.02
2025-07-10T18:45:00,10.02
2025-07-10T19:00:00,11.439
2025-07-10T19:15:00,11.439
2025-07-10T19:30:00,11.439
2025-07-10T19:45:00,11.439
2025-07-10T20:00:00,13.466999999999999
2025-07-10T20:15:00,13.466999999999999
2025-07-10T20:30:00,13.466999999999999
2025-07-10T20:45:00,13.466999999999999
2025-07-10T21:00:00,13.27
2025-07-10T21:15:00,13.27
2025-07-10T21:30:00,13.27
2025-07-10T21:45:00,13.27
2025-07-10T22:00:00,12.088
2025-07-10T22:15:00,12.088
2025-07-10T22:30:00,12.088
2025-07-10T22:45:00,12.088
2025-07-10T23:00:00,10.769
2025-07-10T23:15:00,10.769
2025-07-10T23:30:00,10.769
2025-07-10T23:45:00,10.769
2025-07-11T00:00:00,10.475
2025-07-11T00:15:00,10.475
2025-07-11T00:30:00,10.475
2025-07-11T00:45:00,10.475
2025-07-11T01:00:00,9.956999999999999
2025-07-11T01:15:00,9.956999999999999
2025-07-11T01:30:00,9.956999999999999
2025-07-11T01:45:00,9.956999999999999
2025-07-11T02:00:00,9.5
2025-07-11T02:15:00,9.5
2025-07-11T02:30:00,9.5
2025-07-11T02:45:00,9.5
2025-07-11T03:00:00,9.068999999999999
2025-07-11T03:15:00,9.068999999999999
2025-07-11T03:30:00,9.068999999999999
2025-07-11T03:45:00,9.068999999999999
2025-07-11T04:00:00,9.153
2025-07-11T04:15:00,9.153
2025-07-11T04:30:00,9.153
2025-07-11T04:45:00,9.153
2025-07-11T05:00:00,9.940000000000001
2025-07-11T05:15:00,9.940000000000001
2025-07-11T05:30:00,9.940000000000001
2025-07-11T05:45:00,9.940000000000001
2025-07-11T06:00:00,10.741
2025-07-11T06:15:00,10.741
2025-07-11T06:30:00,10.741
2025-07-11T06:45:00,10.741
2025-07-11T07:00:00,10.592
2025-07-11T07:15:00,10.592
2025-07-11T07:30:00,10.592
2025-07-11T07:45:00,10.592
2025-07-11T08:00:00,10.518
2025-07-11T08:15:00,10.518
2025-07-11T08:30:00,10.518
2025-07-11T08:45:00,10.518
2025-07-11T09:00:00,9.33
2025-07-11T09:15:00,9.33
2025-07-11T09:30:00,9.33
2025-07-11T09:45:00,9.33
2025-07-11T10:00:00,8.290000000000001
2025-07-11T10:15:00,8.290000000000001
2025-07-11T10:30:00,8.290000000000001
2025-07-11T10:45:00,8.290000000000001
2025-07-11T11:00:00,7.315
2025-07-11T11:15:00,7.315
2025-07-11T11:30:00,7.315
2025-07-11T11:45:00,7.315
2025-07-11T12:00:00,6.382
2025-07-11T12:15:00,6.382
2025-07-11T12:30:00,6.382
2025-07-11T12:45:00,6.382
2025-07-11T13:00:00,4.215999999999999
2025-07-11T13:15:00,4.215999999999999
2025-07-11T13:30:00,4.215999999999999
2025-07-11T13:45:00,4.215999999999999
2025-07-11T14:00:00,3.2039999999999997
2025-07-11T14:15:00,3.2039999999999997
2025-07-11T14:30:00,3.2039999999999997
2025-07-11T14:45:00,3.2039999999999997
2025-07-11T15:00:00,3.81
2025-07-11T15:15:00,3.81
2025-07-11T15:30:00,3.81
2025-07-11T15:45:00,3.81
2025-07-11T16:00:00,5.955
2025-07-11T16:15:00,5.955
2025-07-11T16:30:00,5.955
2025-07-11T16:45:00,5.955
2025-07-11T17:00:00,8.315000000000001
2025-07-11T17:15:00,8.315000000000001
2025-07-11T17:30:00,8.315000000000001
2025-07-11T17:45:00,8.315000000000001
2025-07-11T18:00:00,8.644
2025-07-11T18:15:00,8.644
2025-07-11T18:30:00,8.644
2025-07-11T18:45:00,8.644
2025-07-11T19:00:00,10.193000000000001
2025-07-11T19:15:00,10.193000000000001
2025-07-11T19:30:00,10.193000000000001
2025-07-11T19:45:00,10.193000000000001
2025-07-11T20:00:00,11.75
2025-07-11T20:15:00,11.75
2025-07-11T20:30:00,11.75
2025-07-11T20:45:00,11.75
2025-07-11T21:00:00,11.808
2025-07-11T21:15:00,11.808
2025-07-11T21:30:00,11.808
2025-07-11T21:45:00,11.808
2025-07-11T22:00:00,11.379999999999999
2025-07-11T22:15:00,11.379999999999999
2025-07-11T22:30:00,11.379999999999999
2025-07-11T22:45:00,11.379999999999999
2025-07-11T23:00:00,10.382
2025-07-11T23:15:00,10.382
2025-07-11T23:30:00,10.382
2025-07-11T23:45:00,10.382
2025-07-12T00:00:00,11.223
2025-07-12T00:15:00,11.223
2025-07-12T00:30:00,11.223
2025-07-12T00:45:00,11.223
2025-07-12T01:00:00,10.456999999999999
2025-07-12T01:15:00,10.456999999999999
2025-07-12T01:30:00,10.456999999999999
2025-07-12T01:45:00,10.456999999999999
2025-07-12T02:00:00,10.368
2025-07-12T02:15:00,10.368
2025-07-12T02:30:00,10.368
2025-07-12T02:45:00,10.368
2025-07-12T03:00:00,9.74
2025-07-12T03:15:00,9.74
2025-07-12T03:30:00,9.74
2025-07-12T03:45:00,9.74
2025-07-12T04:00:00,9.333
2025-07-12T04:15:00,9.333
2025-07-12T04:30:00,9.333
2025-07-12T04:45:00,9.333
2025-07-12T05:00:00,8.994
2025-07-12T05:15:00,8.994
2025-07-12T05:30:00,8.994
2025-07-12T05:45:00,8.994
2025-07-12T06:00:00,8.527
2025-07-12T06:15:00,8.527
2025-07-12T06:30:00,8.527
2025-07-12T06:45:00,8.527
2025-07-12T07:00:00,8.798
2025-07-12T07:15:00,8.798
2025-07-12T07:30:00,8.798
2025-07-12T07:45:00,8.798
2025-07-12T08:00:00,8.379999999999999
2025-07-12T08:15:00,8.379999999999999
2025-07-12T08:30:00,8.379999999999999
2025-07-12T08:45:00,8.379999999999999
2025-07-12T09:00:00,5.986
2025-07-12T09:15:00,5.986
2025-07-12T09:30:00,5.986
2025-07-12T09:45:00,5.986
2025-07-12T10:00:00,1.8190000000000002
2025-07-12T10:15:00,1.8190000000000002
2025-07-12T10:30:00,1.8190000000000002
2025-07-12T10:45:00,1.8190000000000002
2025-07-12T11:00:00,0.3
2025-07-12T11:15:00,0.3
2025-07-12T11:30:00,0.3
2025-07-12T11:45:00,0.3
2025-07-12T12:00:00,0.022
2025-07-12T12:15:00,0.022
2025-07-12T12:30:00,0.022
2025-07-12T12:45:00,0.022
2025-07-12T13:00:00,0.0
2025-07-12T13:15:00,0.0
2025-07-12T13:30:00,0.0
2025-07-12T13:45:00,0.0
2025-07-12T14:00:00,0.0
2025-07-12T14:15:00,0.0
2025-07-12T14:30:00,0.0
2025-07-12T14:45:00,0.0
2025-07-12T15:00:00,0.022
2025-07-12T15:15:00,0.022
2025-07-12T15:30:00,0.022
2025-07-12T15:45:00,0.022
2025-07-12T16:00:00,1.973
2025-07-12T16:15:00,1.973
2025-07-12T16:30:00,1.973
2025-07-12T16:45:00,1.973
2025-07-12T17:00:00,7.389
2025-07-12T17:15:00,7.389
2025-07-12T17:30:00,7.389
2025-07-12T17:45:00,7.389
2025-07-12T18:00:00,10.620000000000001
2025-07-12T18:15:00,10.620000000000001
2025-07-12T18:30:00,10.620000000000001
2025-07-12T18:45:00,10.620000000000001
2025-07-12T19:00:00,10.92
2025-07-12T19:15:00,10.92
2025-07-12T19:30:00,10.92
2025-07-12T19:45:00,10.92
2025-07-12T20:00:00,12.0
2025-07-12T20:15:00,12.0
2025-07-12T20:30:00,12.0
2025-07-12T20:45:00,12.0
2025-07-12T21:00:00,12.501999999999999
2025-07-12T21:15:00,12.501999999999999
2025-07-12T21:30:00,12.501999999999999
2025-07-12T21:45:00,12.501999999999999
2025-07-12T22:00:00,12.5
2025-07-12T22:15:00,12.5
2025-07-12T22:30:00,12.5
2025-07-12T22:45:00,12.5
2025-07-12T23:00:00,11.542
2025-07-12T23:15:00,11.542
2025-07-12T23:30:00,11.542
2025-07-12T23:45:00,11.542
2025-07-13T00:00:00,11.535
2025-07-13T00:15:00,11.535
2025-07-13T00:30:00,11.535
2025-07-13T00:45:00,11.535
2025-07-13T01:00:00,10.914
2025-07-13T01:15:00,10.914
2025-07-13T01:30:00,10.914
2025-07-13T01:45:00,10.914
2025-07-13T02:00:00,10.842
2025-07-13T02:15:00,10.842
2025-07-13T02:30:00,10.842
2025-07-13T02:45:00,10.842
2025-07-13T03:00:00,10.735
2025-07-13T03:15:00,10.735
2025-07-13T03:30:00,10.735
2025-07-13T03:45:00,10.735
2025-07-13T04:00:00,10.464
2025-07-13T04:15:00,10.464
2025-07-13T04:30:00,10.464
2025-07-13T04:45:00,10.464
2025-07-13T05:00:00,10.084999999999999
2025-07-13T05:15:00,10.084999999999999
2025-07-13T05:30:00,10.084999999999999
2025-07-13T05:45:00,10.084999999999999
2025-07-13T06:00:00,9.58
2025-07-13T06:15:00,9.58
2025-07-13T06:30:00,9.58
2025-07-13T06:45:00,9.58
2025-07-13T07:00:00,9.218
2025-07-13T07:15:00,9.218
2025-07-13T07:30:00,9.218
2025-07-13T07:45:00,9.218
2025-07-13T08:00:00,8.794
2025-07-13T08:15:00,8.794
2025-07-13T08:30:00,8.794
2025-07-13T08:45:00,8.794
2025-07-13T09:00:00,5.762
2025-07-13T09:15:00,5.762
2025-07-13T09:30:00,5.762
2025-07-13T09:45:00,5.762
2025-07-13T10:00:00,0.42800000000000005
2025-07-13T10:15:00,0.42800000000000005
2025-07-13T10:30:00,0.42800000000000005
2025-07-13T10:45:00,0.42800000000000005
2025-07-13T11:00:00,0.005
2025-07-13T11:15:00,0.005
2025-07-13T11:30:00,0.005
2025-07-13T11:45:00,0.005
2025-07-13T12:00:00,0.0
2025-07-13T12:15:00,0.0
2025-07-13T12:30:00,0.0
2025-07-13T12:45:00,0.0
2025-07-13T13:00:00,0.0
2025-07-13T13:15:00,0.0
2025-07-13T13:30:00,0.0
2025-07-13T13:45:00,0.0
2025-07-13T14:00:00,0.0
2025-07-13T14:15:00,0.0
2025-07-13T14:30:00,0.0
2025-07-13T14:45:00,0.0
2025-07-13T15:00:00,0.0
2025-07-13T15:15:00,0.0
2025-07-13T15:30:00,0.0
2025-07-13T15:45:00,0.0
2025-07-13T16:00:00,0.236
2025-07-13T16:15:00,0.236
2025-07-13T16:30:00,0.236
2025-07-13T16:45:00,0.236
2025-07-13T17:00:00,7.340000000000001
2025-07-13T17:15:00,7.340000000000001
2025-07-13T17:30:00,7.340000000000001
2025-07-13T17:45:00,7.340000000000001
2025-07-13T18:00:00,10.061
2025-07-13T18:15:00,10.061
2025-07-13T18:30:00,10.061
2025-07-13T18:45:00,10.061
2025-07-13T19:00:00,11.373999999999999
2025-07-13T19:15:00,11.373999999999999
2025-07-13T19:30:00,11.373999999999999
2025-07-13T19:45:00,11.373999999999999
2025-07-13T20:00:00,12.0
2025-07-13T20:15:00,12.0
2025-07-13T20:30:00,12.0
2025-07-13T20:45:00,12.0
2025-07-13T21:00:00,12.77
2025-07-13T21:15:00,12.77
2025-07-13T21:30:00,12.77
2025-07-13T21:45:00,12.77
2025-07-13T22:00:00,12.693999999999999
2025-07-13T22:15:00,12.693999999999999
2025-07-13T22:30:00,12.693999999999999
2025-07-13T22:45:00,12.693999999999999
2025-07-13T23:00:00,11.541
2025-07-13T23:15:00,11.541
2025-07-13T23:30:00,11.541
2025-07-13T23:45:00,11.541
2025-07-14T00:00:00,11.402
2025-07-14T00:15:00,11.402
2025-07-14T00:30:00,11.402
2025-07-14T00:45:00,11.402
2025-07-14T01:00:00,10.401
2025-07-14T01:15:00,10.401
2025-07-14T01:30:00,10.401
2025-07-14T01:45:00,10.401
2025-07-14T02:00:00,9.817
2025-07-14T02:15:00,9.817
2025-07-14T02:30:00,9.817
2025-07-14T02:45:00,9.817
2025-07-14T03:00:00,9.494
2025-07-14T03:15:00,9.494
2025-07-14T03:30:00,9.494
2025-07-14T03:45:00,9.494
2025-07-14T04:00:00,9.931999999999999
2025-07-14T04:15:00,9.931999999999999
2025-07-14T04:30:00,9.931999999999999
2025-07-14T04:45:00,9.931999999999999
2025-07-14T05:00:00,10.893
2025-07-14T05:15:00,10.893
2025-07-14T05:30:00,10.893
2025-07-14T05:45:00,10.893
2025-07-14T06:00:00,11.787
2025-07-14T06:15:00,11.787
2025-07-14T06:30:00,11.787
2025-07-14T06:45:00,11.787
2025-07-14T07:00:00,12.162
2025-07-14T07:15:00,12.162
2025-07-14T07:30:00,12.162
2025-07-14T07:45:00,12.162
2025-07-14T08:00:00,11.206
2025-07-14T08:15:00,11.206
2025-07-14T08:30:00,11.206
2025-07-14T08:45:00,11.206
2025-07-14T09:00:00,9.243
2025-07-14T09:15:00,9.243
2025-07-14T09:30:00,9.243
2025-07-14T09:45:00,9.243
2025-07-14T10:00:00,8.458
2025-07-14T10:15:00,8.458
2025-07-14T10:30:00,8.458
2025-07-14T10:45:00,8.458
2025-07-14T11:00:00,7.9670000000000005
2025-07-14T11:15:00,7.9670000000000005
2025-07-14T11:30:00,7.9670000000000005
2025-07-14T11:45:00,7.9670000000000005
2025-07-14T12:00:00,7.098000000000001
2025-07-14T12:15:00,7.098000000000001
2025-07-14T12:30:00,7.098000000000001
2025-07-14T12:45:00,7.098000000000001
2025-07-14T13:00:00,6.417
2025-07-14T13:15:00,6.417
2025-07-14T13:30:00,6.417
2025-07-14T13:45:00,6.417
2025-07-14T14:00:00,5.715
2025-07-14T14:15:00,5.715
2025-07-14T14:30:00,5.715
2025-07-14T14:45:00,5.715
2025-07-14T15:00:00,5.582
2025-07-14T15:15:00,5.582
2025-07-14T15:30:00,5.582
2025-07-14T15:45:00,5.582
2025-07-14T16:00:00,7.109999999999999
2025-07-14T16:15:00,7.109999999999999
2025-07-14T16:30:00,7.109999999999999
2025-07-14T16:45:00,7.109999999999999
2025-07-14T17:00:00,8.458
2025-07-14T17:15:00,8.458
2025-07-14T17:30:00,8.458
2025-07-14T17:45:00,8.458
2025-07-14T18:00:00,9.894
2025-07-14T18:15:00,9.894
2025-07-14T18:30:00,9.894
2025-07-14T18:45:00,9.894
2025-07-14T19:00:00,11.011
2025-07-14T19:15:00,11.011
2025-07-14T19:30:00,11.011
2025-07-14T19:45:00,11.011
2025-07-14T20:00:00,13.999
2025-07-14T20:15:00,13.999
2025-07-14T20:30:00,13.999
2025-07-14T20:45:00,13.999
2025-07-14T21:00:00,14.157
2025-07-14T21:15:00,14.157
2025-07-14T21:30:00,14.157
2025-07-14T21:45:00,14.157
2025-07-14T22:00:00,12.614
2025-07-14T22:15:00,12.614
2025-07-14T22:30:00,12.614
2025-07-14T22:45:00,12.614
2025-07-14T23:00:00,11.515
2025-07-14T23:15:00,11.515
2025-07-14T23:30:00,11.515
2025-07-14T23:45:00,11.515
2025-07-15T00:00:00,10.61
2025-07-15T00:15:00,10.61
2025-07-15T00:30:00,10.61
2025-07-15T00:45:00,10.61
2025-07-15T01:00:00,10.306000000000001
2025-07-15T01:15:00,10.306000000000001
2025-07-15T01:30:00,10.306000000000001
2025-07-15T01:45:00,10.306000000000001
2025-07-15T02:00:00,9.386
2025-07-15T02:15:00,9.386
2025-07-15T02:30:00,9.386
2025-07-15T02:45:00,9.386
2025-07-15T03:00:00,8.828
2025-07-15T03:15:00,8.828
2025-07-15T03:30:00,8.828
2025-07-15T03:45:00,8.828
2025-07-15T04:00:00,8.712
2025-07-15T04:15:00,8.712
2025-07-15T04:30:00,8.712
2025-07-15T04:45:00,8.712
2025-07-15T05:00:00,9.3
2025-07-15T05:15:00,9.3
2025-07-15T05:30:00,9.3
2025-07-15T05:45:00,9.3
2025-07-15T06:00:00,11.033
2025-07-15T06:15:00,11.033
2025-07-15T06:30:00,11.033
2025-07-15T06:45:00,11.033
2025-07-15T07:00:00,11.341
2025-07-15T07:15:00,11.341
2025-07-15T07:30:00,11.341
2025-07-15T07:45:00,11.341
2025-07-15T08:00:00,10.686
2025-07-15T08:15:00,10.686
2025-07-15T08:30:00,10.686
2025-07-15T08:45:00,10.686
2025-07-15T09:00:00,9.081999999999999
2025-07-15T09:15:00,9.081999999999999
2025-07-15T09:30:00,9.081999999999999
2025-07-15T09:45:00,9.081999999999999
2025-07-15T10:00:00,7.767
2025-07-15T10:15:00,7.767
2025-07-15T10:30:00,7.767
2025-07-15T10:45:00,7.767
2025-07-15T11:00:00,6.5
2025-07-15T11:15:00,6.5
2025-07-15T11:30:00,6.5
2025-07-15T11:45:00,6.5
2025-07-15T12:00:00,5.919
2025-07-15T12:15:00,5.919
2025-07-15T12:30:00,5.919
2025-07-15T12:45:00,5.919
2025-07-15T13:00:00,4.726
2025-07-15T13:15:00,4.726
2025-07-15T13:30:00,4.726
2025-07-15T13:45:00,4.726
2025-07-15T14:00:00,4.0200000000000005
2025-07-15T14:15:00,4.0200000000000005
2025-07-15T14:30:00,4.0200000000000005
2025-07-15T14:45:00,4.0200000000000005
2025-07-15T15:00:00,4.257
2025-07-15T15:15:00,4.257
2025-07-15T15:30:00,4.257
2025-07-15T15:45:00,4.257
2025-07-15T16:00:00,6.5
2025-07-15T16:15:00,6.5
2025-07-15T16:30:00,6.5
2025-07-15T16:45:00,6.5
2025-07-15T17:00:00,8.487
2025-07-15T17:15:00,8.487
2025-07-15T17:30:00,8.487
2025-07-15T17:45:00,8.487
2025-07-15T18:00:00,10.154
2025-07-15T18:15:00,10.154
2025-07-15T18:30:00,10.154
2025-07-15T18:45:00,10.154
2025-07-15T19:00:00,10.815000000000001
2025-07-15T19:15:00,10.815000000000001
2025-07-15T19:30:00,10.815000000000001
2025-07-15T19:45:00,10.815000000000001
2025-07-15T20:00:00,11.978
2025-07-15T20:15:00,11.978
2025-07-15T20:30:00,11.978
2025-07-15T20:45:00,11.978
2025-07-15T21:00:00,14.199000000000002
2025-07-15T21:15:00,14.199000000000002
2025-07-15T21:30:00,14.199000000000002
2025-07-15T21:45:00,14.199000000000002
2025-07-15T22:00:00,12.128
2025-07-15T22:15:00,12.128
2025-07-15T22:30:00,12.128
2025-07-15T22:45:00,12.128
2025-07-15T23:00:00,11.245000000000001
2025-07-15T23:15:00,11.245000000000001
2025-07-15T23:30:00,11.245000000000001
2025-07-15T23:45:00,11.245000000000001
2025-07-16T00:00:00,9.763
2025-07-16T00:15:00,9.763
2025-07-16T00:30:00,9.763
2025-07-16T00:45:00,9.763
2025-07-16T01:00:00,9.399
2025-07-16T01:15:00,9.399
2025-07-16T01:30:00,9.399
2025-07-16T01:45:00,9.399
2025-07-16T02:00:00,8.667
2025-07-16T02:15:00,8.667
2025-07-16T02:30:00,8.667
2025-07-16T02:45:00,8.667
2025-07-16T03:00:00,8.343
2025-07-16T03:15:00,8.343
2025-07-16T03:30:00,8.343
2025-07-16T03:45:00,8.343
2025-07-16T04:00:00,8.426
2025-07-16T04:15:00,8.426
2025-07-16T04:30:00,8.426
2025-07-16T04:45:00,8.426
2025-07-16T05:00:00,9.041
2025-07-16T05:15:00,9.041
2025-07-16T05:30:00,9.041
2025-07-16T05:45:00,9.041
2025-07-16T06:00:00,10.574
2025-07-16T06:15:00,10.574
2025-07-16T06:30:00,10.574
2025-07-16T06:45:00,10.574
2025-07-16T07:00:00,11.263
2025-07-16T07:15:00,11.263
2025-07-16T07:30:00,11.263
2025-07-16T07:45:00,11.263
2025-07-16T08:00:00,11.192
2025-07-16T08:15:00,11.192
2025-07-16T08:30:00,11.192
2025-07-16T08:45:00,11.192
2025-07-16T09:00:00,10.421
2025-07-16T09:15:00,10.421
2025-07-16T09:30:00,10.421
2025-07-16T09:45:00,10.421
2025-07-16T10:00:00,8.98
2025-07-16T10:15:00,8.98
2025-07-16T10:30:00,8.98
2025-07-16T10:45:00,8.98
2025-07-16T11:00:00,8.565000000000001
2025-07-16T11:15:00,8.565000000000001
2025-07-16T11:30:00,8.565000000000001
2025-07-16T11:45:00,8.565000000000001
2025-07-16T12:00:00,8.196
2025-07-16T12:15:00,8.196
2025-07-16T12:30:00,8.196
2025-07-16T12:45:00,8.196
2025-07-16T13:00:00,7.862
2025-07-16T13:15:00,7.862
2025-07-16T13:30:00,7.862
2025-07-16T13:45:00,7.862
2025-07-16T14:00:00,6.806
2025-07-16T14:15:00,6.806
2025-07-16T14:30:00,6.806
2025-07-16T14:45:00,6.806
2025-07-16T15:00:00,6.92
2025-07-16T15:15:00,6.92
2025-07-16T15:30:00,6.92
2025-07-16T15:45:00,6.92
2025-07-16T16:00:00,8.086
2025-07-16T16:15:00,8.086
2025-07-16T16:30:00,8.086
2025-07-16T16:45:00,8.086
2025-07-16T17:00:00,8.909
2025-07-16T17:15:00,8.909
2025-07-16T17:30:00,8.909
2025-07-16T17:45:00,8.909
2025-07-16T18:00:00,9.549
2025-07-16T18:15:00,9.549
2025-07-16T18:30:00,9.549
2025-07-16T18:45:00,9.549
2025-07-16T19:00:00,10.837
2025-07-16T19:15:00,10.837
2025-07-16T19:30:00,10.837
2025-07-16T19:45:00,10.837
2025-07-16T20:00:00,11.972
2025-07-16T20:15:00,11.972
2025-07-16T20:30:00,11.972
2025-07-16T20:45:00,11.972
2025-07-16T21:00:00,12.904
2025-07-16T21:15:00,12.904
2025-07-16T21:30:00,12.904
2025-07-16T21:45:00,12.904
2025-07-16T22:00:00,12.071
2025-07-16T22:15:00,12.071
2025-07-16T22:30:00,12.071
2025-07-16T22:45:00,12.071
2025-07-16T23:00:00,11.055
2025-07-16T23:15:00,11.055
2025-07-16T23:30:00,11.055
2025-07-16T23:45:00,11.055
2025-07-17T00:00:00,10.376000000000001
2025-07-17T00:15:00,10.376000000000001
2025-07-17T00:30:00,10.376000000000001
2025-07-17T00:45:00,10.376000000000001
2025-07-17T01:00:00,9.833
2025-07-17T01:15:00,9.833
2025-07-17T01:30:00,9.833
2025-07-17T01:45:00,9.833
2025-07-17T02:00:00,8.995999999999999
2025-07-17T02:15:00,8.995999999999999
2025-07-17T02:30:00,8.995999999999999
2025-07-17T02:45:00,8.995999999999999
2025-07-17T03:00:00,8.481
2025-07-17T03:15:00,8.481
2025-07-17T03:30:00,8.481
2025-07-17T03:45:00,8.481
2025-07-17T04:00:00,8.576
2025-07-17T04:15:00,8.576
2025-07-17T04:30:00,8.576
2025-07-17T04:45:00,8.576
2025-07-17T05:00:00,8.9
2025-07-17T05:15:00,8.9
2025-07-17T05:30:00,8.9
2025-07-17T05:45:00,8.9
2025-07-17T06:00:00,10.405
2025-07-17T06:15:00,10.405
2025-07-17T06:30:00,10.405
2025-07-17T06:45:00,10.405
2025-07-17T07:00:00,11.033
2025-07-17T07:15:00,11.033
2025-07-17T07:30:00,11.033
2025-07-17T07:45:00,11.033
2025-07-17T08:00:00,10.592
2025-07-17T08:15:00,10.592
2025-07-17T08:30:00,10.592
2025-07-17T08:45:00,10.592
2025-07-17T09:00:00,9.309999999999999
2025-07-17T09:15:00,9.309999999999999
2025-07-17T09:30:00,9.309999999999999
2025-07-17T09:45:00,9.309999999999999
2025-07-17T10:00:00,8.5
2025-07-17T10:15:00,8.5
2025-07-17T10:30:00,8.5
2025-07-17T10:45:00,8.5
2025-07-17T11:00:00,7.706999999999999
2025-07-17T11:15:00,7.706999999999999
2025-07-17T11:30:00,7.706999999999999
2025-07-17T11:45:00,7.706999999999999
2025-07-17T12:00:00,7.017
2025-07-17T12:15:00,7.017
2025-07-17T12:30:00,7.017
2025-07-17T12:45:00,7.017
2025-07-17T13:00:00,5.526
2025-07-17T13:15:00,5.526
2025-07-17T13:30:00,5.526
2025-07-17T13:45:00,5.526
2025-07-17T14:00:00,4.978
2025-07-17T14:15:00,4.978
2025-07-17T14:30:00,4.978
2025-07-17T14:45:00,4.978
2025-07-17T15:00:00,6.618
2025-07-17T15:15:00,6.618
2025-07-17T15:30:00,6.618
2025-07-17T15:45:00,6.618
2025-07-17T16:00:00,7.479000000000001
2025-07-17T16:15:00,7.479000000000001
2025-07-17T16:30:00,7.479000000000001
2025-07-17T16:45:00,7.479000000000001
2025-07-17T17:00:00,8.270999999999999
2025-07-17T17:15:00,8.270999999999999
2025-07-17T17:30:00,8.270999999999999
2025-07-17T17:45:00,8.270999999999999
2025-07-17T18:00:00,9.498000000000001
2025-07-17T18:15:00,9.498000000000001
2025-07-17T18:30:00,9.498000000000001
2025-07-17T18:45:00,9.498000000000001
2025-07-17T19:00:00,10.973
2025-07-17T19:15:00,10.973
2025-07-17T19:30:00,10.973
2025-07-17T19:45:00,10.973
2025-07-17T20:00:00,12.075
2025-07-17T20:15:00,12.075
2025-07-17T20:30:00,12.075
2025-07-17T20:45:00,12.075
2025-07-17T21:00:00,13.2
2025-07-17T21:15:00,13.2
2025-07-17T21:30:00,13.2
2025-07-17T21:45:00,13.2
2025-07-17T22:00:00,12.507
2025-07-17T22:15:00,12.507
2025-07-17T22:30:00,12.507
2025-07-17T22:45:00,12.507
2025-07-17T23:00:00,11.418000000000001
2025-07-17T23:15:00,11.418000000000001
2025-07-17T23:30:00,11.418000000000001
2025-07-17T23:45:00,11.418000000000001
2025-07-18T00:00:00,10.68
2025-07-18T00:15:00,10.68
2025-07-18T00:30:00,10.68
2025-07-18T00:45:00,10.68
2025-07-18T01:00:00,9.915000000000001
2025-07-18T01:15:00,9.915000000000001
2025-07-18T01:30:00,9.915000000000001
2025-07-18T01:45:00,9.915000000000001
2025-07-18T02:00:00,9.536
2025-07-18T02:15:00,9.536
2025-07-18T02:30:00,9.536
2025-07-18T02:45:00,9.536
2025-07-18T03:00:00,9.637
2025-07-18T03:15:00,9.637
2025-07-18T03:30:00,9.637
2025-07-18T03:45:00,9.637
2025-07-18T04:00:00,9.866
2025-07-18T04:15:00,9.866
2025-07-18T04:30:00,9.866
2025-07-18T04:45:00,9.866
2025-07-18T05:00:00,10.823
2025-07-18T05:15:00,10.823
2025-07-18T05:30:00,10.823
2025-07-18T05:45:00,10.823
2025-07-18T06:00:00,11.592
2025-07-18T06:15:00,11.592
2025-07-18T06:30:00,11.592
2025-07-18T06:45:00,11.592
2025-07-18T07:00:00,11.617
2025-07-18T07:15:00,11.617
2025-07-18T07:30:00,11.617
2025-07-18T07:45:00,11.617
2025-07-18T08:00:00,10.939
2025-07-18T08:15:00,10.939
2025-07-18T08:30:00,10.939
2025-07-18T08:45:00,10.939
2025-07-18T09:00:00,9.812999999999999
2025-07-18T09:15:00,9.812999999999999
2025-07-18T09:30:00,9.812999999999999
2025-07-18T09:45:00,9.812999999999999
2025-07-18T10:00:00,8.498000000000001
2025-07-18T10:15:00,8.498000000000001
2025-07-18T10:30:00,8.498000000000001
2025-07-18T10:45:00,8.498000000000001
2025-07-18T11:00:00,8.202
2025-07-18T11:15:00,8.202
2025-07-18T11:30:00,8.202
2025-07-18T11:45:00,8.202
2025-07-18T12:00:00,8.0
2025-07-18T12:15:00,8.0
2025-07-18T12:30:00,8.0
2025-07-18T12:45:00,8.0
2025-07-18T13:00:00,7.302
2025-07-18T13:15:00,7.302
2025-07-18T13:30:00,7.302
2025-07-18T13:45:00,7.302
2025-07-18T14:00:00,7.12
2025-07-18T14:15:00,7.12
2025-07-18T14:30:00,7.12
2025-07-18T14:45:00,7.12
2025-07-18T15:00:00,7.268000000000001
2025-07-18T15:15:00,7.268000000000001
2025-07-18T15:30:00,7.268000000000001
2025-07-18T15:45:00,7.268000000000001
2025-07-18T16:00:00,7.999
2025-07-18T16:15:00,7.999
2025-07-18T16:30:00,7.999
2025-07-18T16:45:00,7.999
2025-07-18T17:00:00,8.407
2025-07-18T17:15:00,8.407
2025-07-18T17:30:00,8.407
2025-07-18T17:45:00,8.407
2025-07-18T18:00:00,9.992
2025-07-18T18:15:00,9.992
2025-07-18T18:30:00,9.992
2025-07-18T18:45:00,9.992
2025-07-18T19:00:00,12.0
2025-07-18T19:15:00,12.0
2025-07-18T19:30:00,12.0
2025-07-18T19:45:00,12.0
2025-07-18T20:00:00,14.655000000000001
2025-07-18T20:15:00,14.655000000000001
2025-07-18T20:30:00,14.655000000000001
2025-07-18T20:45:00,14.655000000000001
2025-07-18T21:00:00,14.443999999999999
2025-07-18T21:15:00,14.443999999999999
2025-07-18T21:30:00,14.443999999999999
2025-07-18T21:45:00,14.443999999999999
2025-07-18T22:00:00,12.588
2025-07-18T22:15:00,12.588
2025-07-18T22:30:00,12.588
2025-07-18T22:45:00,12.588
2025-07-18T23:00:00,11.348
2025-07-18T23:15:00,11.348
2025-07-18T23:30:00,11.348
2025-07-18T23:45:00,11.348
2025-07-19T00:00:00,10.76
2025-07-19T00:15:00,10.76
2025-07-19T00:30:00,10.76
2025-07-19T00:45:00,10.76
2025-07-19T01:00:00,10.535
2025-07-19T01:15:00,10.535
2025-07-19T01:30:00,10.535
2025-07-19T01:45:00,10.535
2025-07-19T02:00:00,10.318999999999999
2025-07-19T02:15:00,10.318999999999999
2025-07-19T02:30:00,10.318999999999999
2025-07-19T02:45:00,10.318999999999999
2025-07-19T03:00:00,10.163
2025-07-19T03:15:00,10.163
2025-07-19T03:30:00,10.163
2025-07-19T03:45:00,10.163
2025-07-19T04:00:00,9.838
2025-07-19T04:15:00,9.838
2025-07-19T04:30:00,9.838
2025-07-19T04:45:00,9.838
2025-07-19T05:00:00,9.369
2025-07-19T05:15:00,9.369
2025-07-19T05:30:00,9.369
2025-07-19T05:45:00,9.369
2025-07-19T06:00:00,9.839
2025-07-19T06:15:00,9.839
2025-07-19T06:30:00,9.839
2025-07-19T06:45:00,9.839
2025-07-19T07:00:00,8.689
2025-07-19T07:15:00,8.689
2025-07-19T07:30:00,8.689
2025-07-19T07:45:00,8.689
2025-07-19T08:00:00,7.889
2025-07-19T08:15:00,7.889
2025-07-19T08:30:00,7.889
2025-07-19T08:45:00,7.889
2025-07-19T09:00:00,5.298
2025-07-19T09:15:00,5.298
2025-07-19T09:30:00,5.298
2025-07-19T09:45:00,5.298
2025-07-19T10:00:00,1.0
2025-07-19T10:15:00,1.0
2025-07-19T10:30:00,1.0
2025-07-19T10:45:00,1.0
2025-07-19T11:00:00,0.065
2025-07-19T11:15:00,0.065
2025-07-19T11:30:00,0.065
2025-07-19T11:45:00,0.065
2025-07-19T12:00:00,0.0
2025-07-19T12:15:00,0.0
2025-07-19T12:30:00,0.0
2025-07-19T12:45:00,0.0
2025-07-19T13:00:00,-0.001
2025-07-19T13:15:00,-0.001
2025-07-19T13:30:00,-0.001
2025-07-19T13:45:00,-0.001
2025-07-19T14:00:00,0.0
2025-07-19T14:15:00,0.0
2025-07-19T14:30:00,0.0
2025-07-19T14:45:00,0.0
2025-07-19T15:00:00,0.20800000000000002
2025-07-19T15:15:00,0.20800000000000002
2025-07-19T15:30:00,0.20800000000000002
2025-07-19T15:45:00,0.20800000000000002
2025-07-19T16:00:00,2.933
2025-07-19T16:15:00,2.933
2025-07-19T16:30:00,2.933
2025-07-19T16:45:00,2.933
2025-07-19T17:00:00,7.685
2025-07-19T17:15:00,7.685
2025-07-19T17:30:00,7.685
2025-07-19T17:45:00,7.685
2025-07-19T18:00:00,9.84
2025-07-19T18:15:00,9.84
2025-07-19T18:30:00,9.84
2025-07-19T18:45:00,9.84
2025-07-19T19:00:00,11.447
2025-07-19T19:15:00,11.447
2025-07-19T19:30:00,11.447
2025-07-19T19:45:00,11.447
2025-07-19T20:00:00,11.287
2025-07-19T20:15:00,11.287
2025-07-19T20:30:00,11.287
2025-07-19T20:45:00,11.287
2025-07-19T21:00:00,10.808
2025-07-19T21:15:00,10.808
2025-07-19T21:30:00,10.808
2025-07-19T21:45:00,10.808
2025-07-19T22:00:00,10.562999999999999
2025-07-19T22:15:00,10.562999999999999
2025-07-19T22:30:00,10.562999999999999
2025-07-19T22:45:00,10.562999999999999
2025-07-19T23:00:00,9.806999999999999
2025-07-19T23:15:00,9.806999999999999
2025-07-19T23:30:00,9.806999999999999
2025-07-19T23:45:00,9.806999999999999
2025-07-20T00:00:00,9.129000000000001
2025-07-20T00:15:00,9.129000000000001
2025-07-20T00:30:00,9.129000000000001
2025-07-20T00:45:00,9.129000000000001
2025-07-20T01:00:00,8.894
2025-07-20T01:15:00,8.894
2025-07-20T01:30:00,8.894
2025-07-20T01:45:00,8.894
2025-07-20T02:00:00,8.927
2025-07-20T02:15:00,8.927
2025-07-20T02:30:00,8.927
2025-07-20T02:45:00,8.927
2025-07-20T03:00:00,10.041
2025-07-20T03:15:00,10.041
2025-07-20T03:30:00,10.041
2025-07-20T03:45:00,10.041
2025-07-20T04:00:00,10.17
2025-07-20T04:15:00,10.17
2025-07-20T04:30:00,10.17
2025-07-20T04:45:00,10.17
2025-07-20T05:00:00,9.827
2025-07-20T05:15:00,9.827
2025-07-20T05:30:00,9.827
2025-07-20T05:45:00,9.827
2025-07-20T06:00:00,9.72
2025-07-20T06:15:00,9.72
2025-07-20T06:30:00,9.72
2025-07-20T06:45:00,9.72
2025-07-20T07:00:00,8.059000000000001
2025-07-20T07:15:00,8.059000000000001
2025-07-20T07:30:00,8.059000000000001
2025-07-20T07:45:00,8.059000000000001
2025-07-20T08:00:00,7.786
2025-07-20T08:15:00,7.786
2025-07-20T08:30:00,7.786
2025-07-20T08:45:00,7.786
2025-07-20T09:00:00,4.458
2025-07-20T09:15:00,4.458
2025-07-20T09:30:00,4.458
2025-07-20T09:45:00,4.458
2025-07-20T10:00:00,0.9039999999999999
2025-07-20T10:15:00,0.9039999999999999
2025-07-20T10:30:00,0.9039999999999999
2025-07-20T10:45:00,0.9039999999999999
2025-07-20T11:00:00,0.207
2025-07-20T11:15:00,0.207
2025-07-20T11:30:00,0.207
2025-07-20T11:45:00,0.207
2025-07-20T12:00:00,0.0
2025-07-20T12:15:00,0.0
2025-07-20T12:30:00,0.0
2025-07-20T12:45:00,0.0
2025-07-20T13:00:00,-0.001
2025-07-20T13:15:00,-0.001
2025-07-20T13:30:00,-0.001
2025-07-20T13:45:00,-0.001
2025-07-20T14:00:00,0.0
2025-07-20T14:15:00,0.0
2025-07-20T14:30:00,0.0
2025-07-20T14:45:00,0.0
2025-07-20T15:00:00,0.909
2025-07-20T15:15:00,0.909
2025-07-20T15:30:00,0.909
2025-07-20T15:45:00,0.909
2025-07-20T16:00:00,6.933
2025-07-20T16:15:00,6.933
2025-07-20T16:30:00,6.933
2025-07-20T16:45:00,6.933
2025-07-20T17:00:00,9.274
2025-07-20T17:15:00,9.274
2025-07-20T17:30:00,9.274
2025-07-20T17:45:00,9.274
2025-07-20T18:00:00,10.026
2025-07-20T18:15:00,10.026
2025-07-20T18:30:00,10.026
2025-07-20T18:45:00,10.026
2025-07-20T19:00:00,11.2
2025-07-20T19:15:00,11.2
2025-07-20T19:30:00,11.2
2025-07-20T19:45:00,11.2
2025-07-20T20:00:00,11.6
2025-07-20T20:15:00,11.6
2025-07-20T20:30:00,11.6
2025-07-20T20:45:00,11.6
2025-07-20T21:00:00,11.501000000000001
2025-07-20T21:15:00,11.501000000000001
2025-07-20T21:30:00,11.501000000000001
2025-07-20T21:45:00,11.501000000000001
2025-07-20T22:00:00,11.485
2025-07-20T22:15:00,11.485
2025-07-20T22:30:00,11.485
2025-07-20T22:45:00,11.485
2025-07-20T23:00:00,10.504999999999999
2025-07-20T23:15:00,10.504999999999999
2025-07-20T23:30:00,10.504999999999999
2025-07-20T23:45:00,10.504999999999999
2025-07-21T00:00:00,8.708
2025-07-21T00:15:00,8.708
2025-07-21T00:30:00,8.708
2025-07-21T00:45:00,8.708
2025-07-21T01:00:00,7.973000000000001
2025-07-21T01:15:00,7.973000000000001
2025-07-21T01:30:00,7.973000000000001
2025-07-21T01:45:00,7.973000000000001
2025-07-21T02:00:00,8.348
2025-07-21T02:15:00,8.348
2025-07-21T02:30:00,8.348
2025-07-21T02:45:00,8.348
2025-07-21T03:00:00,8.33
2025-07-21T03:15:00,8.33
2025-07-21T03:30:00,8.33
2025-07-21T03:45:00,8.33
2025-07-21T04:00:00,8.349
2025-07-21T04:15:00,8.349
2025-07-21T04:30:00,8.349
2025-07-21T04:45:00,8.349
2025-07-21T05:00:00,9.622
2025-07-21T05:15:00,9.622
2025-07-21T05:30:00,9.622
2025-07-21T05:45:00,9.622
2025-07-21T06:00:00,11.395999999999999
2025-07-21T06:15:00,11.395999999999999
2025-07-21T06:30:00,11.395999999999999
2025-07-21T06:45:00,11.395999999999999
2025-07-21T07:00:00,12.656
2025-07-21T07:15:00,12.656
2025-07-21T07:30:00,12.656
2025-07-21T07:45:00,12.656
2025-07-21T08:00:00,12.391
2025-07-21T08:15:00,12.391
2025-07-21T08:30:00,12.391
2025-07-21T08:45:00,12.391
2025-07-21T09:00:00,10.964
2025-07-21T09:15:00,10.964
2025-07-21T09:30:00,10.964
2025-07-21T09:45:00,10.964
2025-07-21T10:00:00,10.599
2025-07-21T10:15:00,10.599
2025-07-21T10:30:00,10.599
2025-07-21T10:45:00,10.599
2025-07-21T11:00:00,9.888
2025-07-21T11:15:00,9.888
2025-07-21T11:30:00,9.888
2025-07-21T11:45:00,9.888
2025-07-21T12:00:00,8.49
2025-07-21T12:15:00,8.49
2025-07-21T12:30:00,8.49
2025-07-21T12:45:00,8.49
2025-07-21T13:00:00,8.173
2025-07-21T13:15:00,8.173
2025-07-21T13:30:00,8.173
2025-07-21T13:45:00,8.173
2025-07-21T14:00:00,8.579
2025-07-21T14:15:00,8.579
2025-07-21T14:30:00,8.579
2025-07-21T14:45:00,8.579
2025-07-21T15:00:00,8.796
2025-07-21T15:15:00,8.796
2025-07-21T15:30:00,8.796
2025-07-21T15:45:00,8.796
2025-07-21T16:00:00,9.095
2025-07-21T16:15:00,9.095
2025-07-21T16:30:00,9.095
2025-07-21T16:45:00,9.095
2025-07-21T17:00:00,10.43
2025-07-21T17:15:00,10.43
2025-07-21T17:30:00,10.43
2025-07-21T17:45:00,10.43
2025-07-21T18:00:00,10.581999999999999
2025-07-21T18:15:00,10.581999999999999
2025-07-21T18:30:00,10.581999999999999
2025-07-21T18:45:00,10.581999999999999
2025-07-21T19:00:00,11.969
2025-07-21T19:15:00,11.969
2025-07-21T19:30:00,11.969
2025-07-21T19:45:00,11.969
2025-07-21T20:00:00,12.325
2025-07-21T20:15:00,12.325
2025-07-21T20:30:00,12.325
2025-07-21T20:45:00,12.325
2025-07-21T21:00:00,12.009
2025-07-21T21:15:00,12.009
2025-07-21T21:30:00,12.009
2025-07-21T21:45:00,12.009
2025-07-21T22:00:00,10.876000000000001
2025-07-21T22:15:00,10.876000000000001
2025-07-21T22:30:00,10.876000000000001
2025-07-21T22:45:00,10.876000000000001
2025-07-21T23:00:00,10.004000000000001
2025-07-21T23:15:00,10.004000000000001
2025-07-21T23:30:00,10.004000000000001
2025-07-21T23:45:00,10.004000000000001
2025-07-22T00:00:00,9.279
2025-07-22T00:15:00,9.279
2025-07-22T00:30:00,9.279
2025-07-22T00:45:00,9.279
2025-07-22T01:00:00,8.72
2025-07-22T01:15:00,8.72
2025-07-22T01:30:00,8.72
2025-07-22T01:45:00,8.72
2025-07-22T02:00:00,8.548
2025-07-22T02:15:00,8.548
2025-07-22T02:30:00,8.548
2025-07-22T02:45:00,8.548
2025-07-22T03:00:00,8.2
2025-07-22T03:15:00,8.2
2025-07-22T03:30:00,8.2
2025-07-22T03:45:00,8.2
2025-07-22T04:00:00,8.1
2025-07-22T04:15:00,8.1
2025-07-22T04:30:00,8.1
2025-07-22T04:45:00,8.1
2025-07-22T05:00:00,8.928
2025-07-22T05:15:00,8.928
2025-07-22T05:30:00,8.928
2025-07-22T05:45:00,8.928
2025-07-22T06:00:00,10.879999999999999
2025-07-22T06:15:00,10.879999999999999
2025-07-22T06:30:00,10.879999999999999
2025-07-22T06:45:00,10.879999999999999
2025-07-22T07:00:00,10.928
2025-07-22T07:15:00,10.928
2025-07-22T07:30:00,10.928
2025-07-22T07:45:00,10.928
2025-07-22T08:00:00,10.248999999999999
2025-07-22T08:15:00,10.248999999999999
2025-07-22T08:30:00,10.248999999999999
2025-07-22T08:45:00,10.248999999999999
2025-07-22T09:00:00,9.129000000000001
2025-07-22T09:15:00,9.129000000000001
2025-07-22T09:30:00,9.129000000000001
2025-07-22T09:45:00,9.129000000000001
2025-07-22T10:00:00,8.173
2025-07-22T10:15:00,8.173
2025-07-22T10:30:00,8.173
2025-07-22T10:45:00,8.173
2025-07-22T11:00:00,6.840999999999999
2025-07-22T11:15:00,6.840999999999999
2025-07-22T11:30:00,6.840999999999999
2025-07-22T11:45:00,6.840999999999999
2025-07-22T12:00:00,3.963
2025-07-22T12:15:00,3.963
2025-07-22T12:30:00,3.963
2025-07-22T12:45:00,3.963
2025-07-22T13:00:00,1.0
2025-07-22T13:15:00,1.0
2025-07-22T13:30:00,1.0
2025-07-22T13:45:00,1.0
2025-07-22T14:00:00,0.017
2025-07-22T14:15:00,0.017
2025-07-22T14:30:00,0.017
2025-07-22T14:45:00,0.017
2025-07-22T15:00:00,0.41600000000000004
2025-07-22T15:15:00,0.41600000000000004
2025-07-22T15:30:00,0.41600000000000004
2025-07-22T15:45:00,0.41600000000000004
2025-07-22T16:00:00,3.69
2025-07-22T16:15:00,3.69
2025-07-22T16:30:00,3.69
2025-07-22T16:45:00,3.69
2025-07-22T17:00:00,7.579000000000001
2025-07-22T17:15:00,7.579000000000001
2025-07-22T17:30:00,7.579000000000001
2025-07-22T17:45:00,7.579000000000001
2025-07-22T18:00:00,8.898
2025-07-22T18:15:00,8.898
2025-07-22T18:30:00,8.898
2025-07-22T18:45:00,8.898
2025-07-22T19:00:00,10.857
2025-07-22T19:15:00,10.857
2025-07-22T19:30:00,10.857
2025-07-22T19:45:00,10.857
2025-07-22T20:00:00,11.256
2025-07-22T20:15:00,11.256
2025-07-22T20:30:00,11.256
2025-07-22T20:45:00,11.256
2025-07-22T21:00:00,11.322
2025-07-22T21:15:00,11.322
2025-07-22T21:30:00,11.322
2025-07-22T21:45:00,11.322
2025-07-22T22:00:00,10.848
2025-07-22T22:15:00,10.848
2025-07-22T22:30:00,10.848
2025-07-22T22:45:00,10.848
2025-07-22T23:00:00,10.293000000000001
2025-07-22T23:15:00,10.293000000000001
2025-07-22T23:30:00,10.293000000000001
2025-07-22T23:45:00,10.293000000000001
2025-07-23T00:00:00,8.765
2025-07-23T00:15:00,8.765
2025-07-23T00:30:00,8.765
2025-07-23T00:45:00,8.765
2025-07-23T01:00:00,7.947
2025-07-23T01:15:00,7.947
2025-07-23T01:30:00,7.947
2025-07-23T01:45:00,7.947
2025-07-23T02:00:00,7.85
2025-07-23T02:15:00,7.85
2025-07-23T02:30:00,7.85
2025-07-23T02:45:00,7.85
2025-07-23T03:00:00,7.604000000000001
2025-07-23T03:15:00,7.604000000000001
2025-07-23T03:30:00,7.604000000000001
2025-07-23T03:45:00,7.604000000000001
2025-07-23T04:00:00,7.769
2025-07-23T04:15:00,7.769
2025-07-23T04:30:00,7.769
2025-07-23T04:45:00,7.769
2025-07-23T05:00:00,8.064
2025-07-23T05:15:00,8.064
2025-07-23T05:30:00,8.064
2025-07-23T05:45:00,8.064
2025-07-23T06:00:00,9.135
2025-07-23T06:15:00,9.135
2025-07-23T06:30:00,9.135
2025-07-23T06:45:00,9.135
2025-07-23T07:00:00,9.987
2025-07-23T07:15:00,9.987
2025-07-23T07:30:00,9.987
2025-07-23T07:45:00,9.987
2025-07-23T08:00:00,9.65
2025-07-23T08:15:00,9.65
2025-07-23T08:30:00,9.65
2025-07-23T08:45:00,9.65
2025-07-23T09:00:00,8.169
2025-07-23T09:15:00,8.169
2025-07-23T09:30:00,8.169
2025-07-23T09:45:00,8.169
2025-07-23T10:00:00,6.7299999999999995
2025-07-23T10:15:00,6.7299999999999995
2025-07-23T10:30:00,6.7299999999999995
2025-07-23T10:45:00,6.7299999999999995
2025-07-23T11:00:00,5.35
2025-07-23T11:15:00,5.35
2025-07-23T11:30:00,5.35
2025-07-23T11:45:00,5.35
2025-07-23T12:00:00,3.372
2025-07-23T12:15:00,3.372
2025-07-23T12:30:00,3.372
2025-07-23T12:45:00,3.372
2025-07-23T13:00:00,2.373
2025-07-23T13:15:00,2.373
2025-07-23T13:30:00,2.373
2025-07-23T13:45:00,2.373
2025-07-23T14:00:00,2.682
2025-07-23T14:15:00,2.682
2025-07-23T14:30:00,2.682
2025-07-23T14:45:00,2.682
2025-07-23T15:00:00,4.029999999999999
2025-07-23T15:15:00,4.029999999999999
2025-07-23T15:30:00,4.029999999999999
2025-07-23T15:45:00,4.029999999999999
2025-07-23T16:00:00,6.781000000000001
2025-07-23T16:15:00,6.781000000000001
2025-07-23T16:30:00,6.781000000000001
2025-07-23T16:45:00,6.781000000000001
2025-07-23T17:00:00,7.805
2025-07-23T17:15:00,7.805
2025-07-23T17:30:00,7.805
2025-07-23T17:45:00,7.805
2025-07-23T18:00:00,8.607
2025-07-23T18:15:00,8.607
2025-07-23T18:30:00,8.607
2025-07-23T18:45:00,8.607
2025-07-23T19:00:00,10.5
2025-07-23T19:15:00,10.5
2025-07-23T19:30:00,10.5
2025-07-23T19:45:00,10.5
2025-07-23T20:00:00,11.298
2025-07-23T20:15:00,11.298
2025-07-23T20:30:00,11.298
2025-07-23T20:45:00,11.298
2025-07-23T21:00:00,11.974
2025-07-23T21:15:00,11.974
2025-07-23T21:30:00,11.974
2025-07-23T21:45:00,11.974
2025-07-23T22:00:00,11.054
2025-07-23T22:15:00,11.054
2025-07-23T22:30:00,11.054
2025-07-23T22:45:00,11.054
2025-07-23T23:00:00,10.306000000000001
2025-07-23T23:15:00,10.306000000000001
2025-07-23T23:30:00,10.306000000000001
2025-07-23T23:45:00,10.306000000000001
2025-07-24T00:00:00,9.782
2025-07-24T00:15:00,9.782
2025-07-24T00:30:00,9.782
2025-07-24T00:45:00,9.782
2025-07-24T01:00:00,9.408
2025-07-24T01:15:00,9.408
2025-07-24T01:30:00,9.408
2025-07-24T01:45:00,9.408
2025-07-24T02:00:00,8.929
2025-07-24T02:15:00,8.929
2025-07-24T02:30:00,8.929
2025-07-24T02:45:00,8.929
2025-07-24T03:00:00,8.929
2025-07-24T03:15:00,8.929
2025-07-24T03:30:00,8.929
2025-07-24T03:45:00,8.929
2025-07-24T04:00:00,9.345
2025-07-24T04:15:00,9.345
2025-07-24T04:30:00,9.345
2025-07-24T04:45:00,9.345
2025-07-24T05:00:00,10.265
2025-07-24T05:15:00,10.265
2025-07-24T05:30:00,10.265
2025-07-24T05:45:00,10.265
2025-07-24T06:00:00,11.205
2025-07-24T06:15:00,11.205
2025-07-24T06:30:00,11.205
2025-07-24T06:45:00,11.205
2025-07-24T07:00:00,11.722
2025-07-24T07:15:00,11.722
2025-07-24T07:30:00,11.722
2025-07-24T07:45:00,11.722
2025-07-24T08:00:00,11.040000000000001
2025-07-24T08:15:00,11.040000000000001
2025-07-24T08:30:00,11.040000000000001
2025-07-24T08:45:00,11.040000000000001
2025-07-24T09:00:00,9.622
2025-07-24T09:15:00,9.622
2025-07-24T09:30:00,9.622
2025-07-24T09:45:00,9.622
2025-07-24T10:00:00,8.917
2025-07-24T10:15:00,8.917
2025-07-24T10:30:00,8.917
2025-07-24T10:45:00,8.917
2025-07-24T11:00:00,8.439
2025-07-24T11:15:00,8.439
2025-07-24T11:30:00,8.439
2025-07-24T11:45:00,8.439
2025-07-24T12:00:00,8.217
2025-07-24T12:15:00,8.217
2025-07-24T12:30:00,8.217
2025-07-24T12:45:00,8.217
2025-07-24T13:00:00,8.043000000000001
2025-07-24T13:15:00,8.043000000000001
2025-07-24T13:30:00,8.043000000000001
2025-07-24T13:45:00,8.043000000000001
2025-07-24T14:00:00,8.205
2025-07-24T14:15:00,8.205
2025-07-24T14:30:00,8.205
2025-07-24T14:45:00,8.205
2025-07-24T15:00:00,8.477
2025-07-24T15:15:00,8.477
2025-07-24T15:30:00,8.477
2025-07-24T15:45:00,8.477
2025-07-24T16:00:00,9.334
2025-07-24T16:15:00,9.334
2025-07-24T16:30:00,9.334
2025-07-24T16:45:00,9.334
2025-07-24T17:00:00,10.059999999999999
2025-07-24T17:15:00,10.059999999999999
2025-07-24T17:30:00,10.059999999999999
2025-07-24T17:45:00,10.059999999999999
2025-07-24T18:00:00,10.92
2025-07-24T18:15:00,10.92
2025-07-24T18:30:00,10.92
2025-07-24T18:45:00,10.92
2025-07-24T19:00:00,13.0
2025-07-24T19:15:00,13.0
2025-07-24T19:30:00,13.0
2025-07-24T19:45:00,13.0
2025-07-24T20:00:00,15.416
2025-07-24T20:15:00,15.416
2025-07-24T20:30:00,15.416
2025-07-24T20:45:00,15.416
2025-07-24T21:00:00,14.063999999999998
2025-07-24T21:15:00,14.063999999999998
2025-07-24T21:30:00,14.063999999999998
2025-07-24T21:45:00,14.063999999999998
2025-07-24T22:00:00,11.838
2025-07-24T22:15:00,11.838
2025-07-24T22:30:00,11.838
2025-07-24T22:45:00,11.838
2025-07-24T23:00:00,10.939
2025-07-24T23:15:00,10.939
2025-07-24T23:30:00,10.939
2025-07-24T23:45:00,10.939
2025-07-25T00:00:00,11.126999999999999
2025-07-25T00:15:00,11.126999999999999
2025-07-25T00:30:00,11.126999999999999
2025-07-25T00:45:00,11.126999999999999
2025-07-25T01:00:00,10.367
2025-07-25T01:15:00,10.367
2025-07-25T01:30:00,10.367
2025-07-25T01:45:00,10.367
2025-07-25T02:00:00,9.705
2025-07-25T02:15:00,9.705
2025-07-25T02:30:00,9.705
2025-07-25T02:45:00,9.705
2025-07-25T03:00:00,9.294
2025-07-25T03:15:00,9.294
2025-07-25T03:30:00,9.294
2025-07-25T03:45:00,9.294
2025-07-25T04:00:00,9.697
2025-07-25T04:15:00,9.697
2025-07-25T04:30:00,9.697
2025-07-25T04:45:00,9.697
2025-07-25T05:00:00,9.82
2025-07-25T05:15:00,9.82
2025-07-25T05:30:00,9.82
2025-07-25T05:45:00,9.82
2025-07-25T06:00:00,10.887
2025-07-25T06:15:00,10.887
2025-07-25T06:30:00,10.887
2025-07-25T06:45:00,10.887
2025-07-25T07:00:00,11.295
2025-07-25T07:15:00,11.295
2025-07-25T07:30:00,11.295
2025-07-25T07:45:00,11.295
2025-07-25T08:00:00,11.084999999999999
2025-07-25T08:15:00,11.084999999999999
2025-07-25T08:30:00,11.084999999999999
2025-07-25T08:45:00,11.084999999999999
2025-07-25T09:00:00,9.82
2025-07-25T09:15:00,9.82
2025-07-25T09:30:00,9.82
2025-07-25T09:45:00,9.82
2025-07-25T10:00:00,9.408
2025-07-25T10:15:00,9.408
2025-07-25T10:30:00,9.408
2025-07-25T10:45:00,9.408
2025-07-25T11:00:00,8.515
2025-07-25T11:15:00,8.515
2025-07-25T11:30:00,8.515
2025-07-25T11:45:00,8.515
2025-07-25T12:00:00,8.309000000000001
2025-07-25T12:15:00,8.309000000000001
2025-07-25T12:30:00,8.309000000000001
2025-07-25T12:45:00,8.309000000000001
2025-07-25T13:00:00,7.87
2025-07-25T13:15:00,7.87
2025-07-25T13:30:00,7.87
2025-07-25T13:45:00,7.87
2025-07-25T14:00:00,7.631
2025-07-25T14:15:00,7.631
2025-07-25T14:30:00,7.631
2025-07-25T14:45:00,7.631
2025-07-25T15:00:00,7.927
2025-07-25T15:15:00,7.927
2025-07-25T15:30:00,7.927
2025-07-25T15:45:00,7.927
2025-07-25T16:00:00,8.109
2025-07-25T16:15:00,8.109
2025-07-25T16:30:00,8.109
2025-07-25T16:45:00,8.109
2025-07-25T17:00:00,8.402
2025-07-25T17:15:00,8.402
2025-07-25T17:30:00,8.402
2025-07-25T17:45:00,8.402
2025-07-25T18:00:00,9.045
2025-07-25T18:15:00,9.045
2025-07-25T18:30:00,9.045
2025-07-25T18:45:00,9.045
2025-07-25T19:00:00,10.181000000000001
2025-07-25T19:15:00,10.181000000000001
2025-07-25T19:30:00,10.181000000000001
2025-07-25T19:45:00,10.181000000000001
2025-07-25T20:00:00,10.928
2025-07-25T20:15:00,10.928
2025-07-25T20:30:00,10.928
2025-07-25T20:45:00,10.928
2025-07-25T21:00:00,12.120999999999999
2025-07-25T21:15:00,12.120999999999999
2025-07-25T21:30:00,12.120999999999999
2025-07-25T21:45:00,12.120999999999999
2025-07-25T22:00:00,11.26
2025-07-25T22:15:00,11.26
2025-07-25T22:30:00,11.26
2025-07-25T22:45:00,11.26
2025-07-25T23:00:00,11.025
2025-07-25T23:15:00,11.025
2025-07-25T23:30:00,11.025
2025-07-25T23:45:00,11.025
2025-07-26T00:00:00,10.676
2025-07-26T00:15:00,10.676
2025-07-26T00:30:00,10.676
2025-07-26T00:45:00,10.676
2025-07-26T01:00:00,10.07
2025-07-26T01:15:00,10.07
2025-07-26T01:30:00,10.07
2025-07-26T01:45:00,10.07
2025-07-26T02:00:00,9.773
2025-07-26T02:15:00,9.773
2025-07-26T02:30:00,9.773
2025-07-26T02:45:00,9.773
2025-07-26T03:00:00,9.665000000000001
2025-07-26T03:15:00,9.665000000000001
2025-07-26T03:30:00,9.665000000000001
2025-07-26T03:45:00,9.665000000000001
2025-07-26T04:00:00,9.645
2025-07-26T04:15:00,9.645
2025-07-26T04:30:00,9.645
2025-07-26T04:45:00,9.645
2025-07-26T05:00:00,9.489
2025-07-26T05:15:00,9.489
2025-07-26T05:30:00,9.489
2025-07-26T05:45:00,9.489
2025-07-26T06:00:00,9.713
2025-07-26T06:15:00,9.713
2025-07-26T06:30:00,9.713
2025-07-26T06:45:00,9.713
2025-07-26T07:00:00,9.61
2025-07-26T07:15:00,9.61
2025-07-26T07:30:00,9.61
2025-07-26T07:45:00,9.61
2025-07-26T08:00:00,8.796
2025-07-26T08:15:00,8.796
2025-07-26T08:30:00,8.796
2025-07-26T08:45:00,8.796
2025-07-26T09:00:00,8.584999999999999
2025-07-26T09:15:00,8.584999999999999
2025-07-26T09:30:00,8.584999999999999
2025-07-26T09:45:00,8.584999999999999
2025-07-26T10:00:00,7.9590000000000005
2025-07-26T10:15:00,7.9590000000000005
2025-07-26T10:30:00,7.9590000000000005
2025-07-26T10:45:00,7.9590000000000005
2025-07-26T11:00:00,7.5200000000000005
2025-07-26T11:15:00,7.5200000000000005
2025-07-26T11:30:00,7.5200000000000005
2025-07-26T11:45:00,7.5200000000000005
2025-07-26T12:00:00,6.642
2025-07-26T12:15:00,6.642
2025-07-26T12:30:00,6.642
2025-07-26T12:45:00,6.642
2025-07-26T13:00:00,4.987
2025-07-26T13:15:00,4.987
2025-07-26T13:30:00,4.987
2025-07-26T13:45:00,4.987
2025-07-26T14:00:00,5.009
2025-07-26T14:15:00,5.009
2025-07-26T14:30:00,5.009
2025-07-26T14:45:00,5.009
2025-07-26T15:00:00,6.8069999999999995
2025-07-26T15:15:00,6.8069999999999995
2025-07-26T15:30:00,6.8069999999999995
2025-07-26T15:45:00,6.8069999999999995
2025-07-26T16:00:00,7.481
2025-07-26T16:15:00,7.481
2025-07-26T16:30:00,7.481
2025-07-26T16:45:00,7.481
2025-07-26T17:00:00,8.42
2025-07-26T17:15:00,8.42
2025-07-26T17:30:00,8.42
2025-07-26T17:45:00,8.42
2025-07-26T18:00:00,9.82
2025-07-26T18:15:00,9.82
2025-07-26T18:30:00,9.82
2025-07-26T18:45:00,9.82
2025-07-26T19:00:00,10.66
2025-07-26T19:15:00,10.66
2025-07-26T19:30:00,10.66
2025-07-26T19:45:00,10.66
2025-07-26T20:00:00,12.195
2025-07-26T20:15:00,12.195
2025-07-26T20:30:00,12.195
2025-07-26T20:45:00,12.195
2025-07-26T21:00:00,12.706999999999999
2025-07-26T21:15:00,12.706999999999999
2025-07-26T21:30:00,12.706999999999999
2025-07-26T21:45:00,12.706999999999999
2025-07-26T22:00:00,11.672
2025-07-26T22:15:00,11.672
2025-07-26T22:30:00,11.672
2025-07-26T22:45:00,11.672
2025-07-26T23:00:00,10.879999999999999
2025-07-26T23:15:00,10.879999999999999
2025-07-26T23:30:00,10.879999999999999
2025-07-26T23:45:00,10.879999999999999
2025-07-27T00:00:00,10.464
2025-07-27T00:15:00,10.464
2025-07-27T00:30:00,10.464
2025-07-27T00:45:00,10.464
2025-07-27T01:00:00,9.947
2025-07-27T01:15:00,9.947
2025-07-27T01:30:00,9.947
2025-07-27T01:45:00,9.947
2025-07-27T02:00:00,9.501000000000001
2025-07-27T02:15:00,9.501000000000001
2025-07-27T02:30:00,9.501000000000001
2025-07-27T02:45:00,9.501000000000001
2025-07-27T03:00:00,9.206999999999999
2025-07-27T03:15:00,9.206999999999999
2025-07-27T03:30:00,9.206999999999999
2025-07-27T03:45:00,9.206999999999999
2025-07-27T04:00:00,9.199
2025-07-27T04:15:00,9.199
2025-07-27T04:30:00,9.199
2025-07-27T04:45:00,9.199
2025-07-27T05:00:00,8.988
2025-07-27T05:15:00,8.988
2025-07-27T05:30:00,8.988
2025-07-27T05:45:00,8.988
2025-07-27T06:00:00,8.879000000000001
2025-07-27T06:15:00,8.879000000000001
2025-07-27T06:30:00,8.879000000000001
2025-07-27T06:45:00,8.879000000000001
2025-07-27T07:00:00,8.658
2025-07-27T07:15:00,8.658
2025-07-27T07:30:00,8.658
2025-07-27T07:45:00,8.658
2025-07-27T08:00:00,8.376000000000001
2025-07-27T08:15:00,8.376000000000001
2025-07-27T08:30:00,8.376000000000001
2025-07-27T08:45:00,8.376000000000001
2025-07-27T09:00:00,8.171
2025-07-27T09:15:00,8.171
2025-07-27T09:30:00,8.171
2025-07-27T09:45:00,8.171
2025-07-27T10:00:00,7.590999999999999
2025-07-27T10:15:00,7.590999999999999
2025-07-27T10:30:00,7.590999999999999
2025-07-27T10:45:00,7.590999999999999
2025-07-27T11:00:00,7.052
2025-07-27T11:15:00,7.052
2025-07-27T11:30:00,7.052
2025-07-27T11:45:00,7.052
2025-07-27T12:00:00,4.593
2025-07-27T12:15:00,4.593
2025-07-27T12:30:00,4.593
2025-07-27T12:45:00,4.593
2025-07-27T13:00:00,1.504
2025-07-27T13:15:00,1.504
2025-07-27T13:30:00,1.504
2025-07-27T13:45:00,1.504
2025-07-27T14:00:00,0.885
2025-07-27T14:15:00,0.885
2025-07-27T14:30:00,0.885
2025-07-27T14:45:00,0.885
2025-07-27T15:00:00,1.73
2025-07-27T15:15:00,1.73
2025-07-27T15:30:00,1.73
2025-07-27T15:45:00,1.73
2025-07-27T16:00:00,4.574
2025-07-27T16:15:00,4.574
2025-07-27T16:30:00,4.574
2025-07-27T16:45:00,4.574
2025-07-27T17:00:00,8.236
2025-07-27T17:15:00,8.236
2025-07-27T17:30:00,8.236
2025-07-27T17:45:00,8.236
2025-07-27T18:00:00,9.565999999999999
2025-07-27T18:15:00,9.565999999999999
2025-07-27T18:30:00,9.565999999999999
2025-07-27T18:45:00,9.565999999999999
2025-07-27T19:00:00,10.247
2025-07-27T19:15:00,10.247
2025-07-27T19:30:00,10.247
2025-07-27T19:45:00,10.247
2025-07-27T20:00:00,10.795
2025-07-27T20:15:00,10.795
2025-07-27T20:30:00,10.795
2025-07-27T20:45:00,10.795
2025-07-27T21:00:00,11.471
2025-07-27T21:15:00,11.471
2025-07-27T21:30:00,11.471
2025-07-27T21:45:00,11.471
2025-07-27T22:00:00,10.733
2025-07-27T22:15:00,10.733
2025-07-27T22:30:00,10.733
2025-07-27T22:45:00,10.733
2025-07-27T23:00:00,10.269
2025-07-27T23:15:00,10.269
2025-07-27T23:30:00,10.269
2025-07-27T23:45:00,10.269
2025-07-28T00:00:00,10.0
2025-07-28T00:15:00,10.0
2025-07-28T00:30:00,10.0
2025-07-28T00:45:00,10.0
2025-07-28T01:00:00,8.876999999999999
2025-07-28T01:15:00,8.876999999999999
2025-07-28T01:30:00,8.876999999999999
2025-07-28T01:45:00,8.876999999999999
2025-07-28T02:00:00,8.35
2025-07-28T02:15:00,8.35
2025-07-28T02:30:00,8.35
2025-07-28T02:45:00,8.35
2025-07-28T03:00:00,7.9670000000000005
2025-07-28T03:15:00,7.9670000000000005
2025-07-28T03:30:00,7.9670000000000005
2025-07-28T03:45:00,7.9670000000000005
2025-07-28T04:00:00,7.9510000000000005
2025-07-28T04:15:00,7.9510000000000005
2025-07-28T04:30:00,7.9510000000000005
2025-07-28T04:45:00,7.9510000000000005
2025-07-28T05:00:00,8.952
2025-07-28T05:15:00,8.952
2025-07-28T05:30:00,8.952
2025-07-28T05:45:00,8.952
2025-07-28T06:00:00,10.888
2025-07-28T06:15:00,10.888
2025-07-28T06:30:00,10.888
2025-07-28T06:45:00,10.888
2025-07-28T07:00:00,12.197
2025-07-28T07:15:00,12.197
2025-07-28T07:30:00,12.197
2025-07-28T07:45:00,12.197
2025-07-28T08:00:00,11.837
2025-07-28T08:15:00,11.837
2025-07-28T08:30:00,11.837
2025-07-28T08:45:00,11.837
2025-07-28T09:00:00,10.545
2025-07-28T09:15:00,10.545
2025-07-28T09:30:00,10.545
2025-07-28T09:45:00,10.545
2025-07-28T10:00:00,9.725
2025-07-28T10:15:00,9.725
2025-07-28T10:30:00,9.725
2025-07-28T10:45:00,9.725
2025-07-28T11:00:00,9.096
2025-07-28T11:15:00,9.096
2025-07-28T11:30:00,9.096
2025-07-28T11:45:00,9.096
2025-07-28T12:00:00,8.179
2025-07-28T12:15:00,8.179
2025-07-28T12:30:00,8.179
2025-07-28T12:45:00,8.179
2025-07-28T13:00:00,7.752
2025-07-28T13:15:00,7.752
2025-07-28T13:30:00,7.752
2025-07-28T13:45:00,7.752
2025-07-28T14:00:00,6.833
2025-07-28T14:15:00,6.833
2025-07-28T14:30:00,6.833
2025-07-28T14:45:00,6.833
2025-07-28T15:00:00,7.397
2025-07-28T15:15:00,7.397
2025-07-28T15:30:00,7.397
2025-07-28T15:45:00,7.397
2025-07-28T16:00:00,7.728
2025-07-28T16:15:00,7.728
2025-07-28T16:30:00,7.728
2025-07-28T16:45:00,7.728
2025-07-28T17:00:00,8.812000000000001
2025-07-28T17:15:00,8.812000000000001
2025-07-28T17:30:00,8.812000000000001
2025-07-28T17:45:00,8.812000000000001
2025-07-28T18:00:00,9.72
2025-07-28T18:15:00,9.72
2025-07-28T18:30:00,9.72
2025-07-28T18:45:00,9.72
2025-07-28T19:00:00,10.359
2025-07-28T19:15:00,10.359
2025-07-28T19:30:00,10.359
2025-07-28T19:45:00,10.359
2025-07-28T20:00:00,11.414
2025-07-28T20:15:00,11.414
2025-07-28T20:30:00,11.414
2025-07-28T20:45:00,11.414
2025-07-28T21:00:00,11.434000000000001
2025-07-28T21:15:00,11.434000000000001
2025-07-28T21:30:00,11.434000000000001
2025-07-28T21:45:00,11.434000000000001
2025-07-28T22:00:00,10.526
2025-07-28T22:15:00,10.526
2025-07-28T22:30:00,10.526
2025-07-28T22:45:00,10.526
2025-07-28T23:00:00,9.243
2025-07-28T23:15:00,9.243
2025-07-28T23:30:00,9.243
2025-07-28T23:45:00,9.243
2025-07-29T00:00:00,8.751000000000001
2025-07-29T00:15:00,8.751000000000001
2025-07-29T00:30:00,8.751000000000001
2025-07-29T00:45:00,8.751000000000001
2025-07-29T01:00:00,8.41
2025-07-29T01:15:00,8.41
2025-07-29T01:30:00,8.41
2025-07-29T01:45:00,8.41
2025-07-29T02:00:00,8.290000000000001
2025-07-29T02:15:00,8.290000000000001
2025-07-29T02:30:00,8.290000000000001
2025-07-29T02:45:00,8.290000000000001
2025-07-29T03:00:00,8.209999999999999
2025-07-29T03:15:00,8.209999999999999
2025-07-29T03:30:00,8.209999999999999
2025-07-29T03:45:00,8.209999999999999
2025-07-29T04:00:00,8.389
2025-07-29T04:15:00,8.389
2025-07-29T04:30:00,8.389
2025-07-29T04:45:00,8.389
2025-07-29T05:00:00,9.288
2025-07-29T05:15:00,9.288
2025-07-29T05:30:00,9.288
2025-07-29T05:45:00,9.288
2025-07-29T06:00:00,10.107
2025-07-29T06:15:00,10.107
2025-07-29T06:30:00,10.107
2025-07-29T06:45:00,10.107
2025-07-29T07:00:00,10.925
2025-07-29T07:15:00,10.925
2025-07-29T07:30:00,10.925
2025-07-29T07:45:00,10.925
2025-07-29T08:00:00,9.902
2025-07-29T08:15:00,9.902
2025-07-29T08:30:00,9.902
2025-07-29T08:45:00,9.902
2025-07-29T09:00:00,8.02
2025-07-29T09:15:00,8.02
2025-07-29T09:30:00,8.02
2025-07-29T09:45:00,8.02
2025-07-29T10:00:00,6.6370000000000005
2025-07-29T10:15:00,6.6370000000000005
2025-07-29T10:30:00,6.6370000000000005
2025-07-29T10:45:00,6.6370000000000005
2025-07-29T11:00:00,5.4
2025-07-29T11:15:00,5.4
2025-07-29T11:30:00,5.4
2025-07-29T11:45:00,5.4
2025-07-29T12:00:00,2.56
2025-07-29T12:15:00,2.56
2025-07-29T12:30:00,2.56
2025-07-29T12:45:00,2.56
2025-07-29T13:00:00,0.434
2025-07-29T13:15:00,0.434
2025-07-29T13:30:00,0.434
2025-07-29T13:45:00,0.434
2025-07-29T14:00:00,0.10700000000000001
2025-07-29T14:15:00,0.10700000000000001
2025-07-29T14:30:00,0.10700000000000001
2025-07-29T14:45:00,0.10700000000000001
2025-07-29T15:00:00,0.62
2025-07-29T15:15:00,0.62
2025-07-29T15:30:00,0.62
2025-07-29T15:45:00,0.62
2025-07-29T16:00:00,4.441
2025-07-29T16:15:00,4.441
2025-07-29T16:30:00,4.441
2025-07-29T16:45:00,4.441
2025-07-29T17:00:00,7.824
2025-07-29T17:15:00,7.824
2025-07-29T17:30:00,7.824
2025-07-29T17:45:00,7.824
2025-07-29T18:00:00,9.481
2025-07-29T18:15:00,9.481
2025-07-29T18:30:00,9.481
2025-07-29T18:45:00,9.481
2025-07-29T19:00:00,10.532
2025-07-29T19:15:00,10.532
2025-07-29T19:30:00,10.532
2025-07-29T19:45:00,10.532
2025-07-29T20:00:00,12.356
2025-07-29T20:15:00,12.356
2025-07-29T20:30:00,12.356
2025-07-29T20:45:00,12.356
2025-07-29T21:00:00,12.601
2025-07-29T21:15:00,12.601
2025-07-29T21:30:00,12.601
2025-07-29T21:45:00,12.601
2025-07-29T22:00:00,11.193999999999999
2025-07-29T22:15:00,11.193999999999999
2025-07-29T22:30:00,11.193999999999999
2025-07-29T22:45:00,11.193999999999999
2025-07-29T23:00:00,10.206999999999999
2025-07-29T23:15:00,10.206999999999999
2025-07-29T23:30:00,10.206999999999999
2025-07-29T23:45:00,10.206999999999999
2025-07-30T00:00:00,9.492
2025-07-30T00:15:00,9.492
2025-07-30T00:30:00,9.492
2025-07-30T00:45:00,9.492
2025-07-30T01:00:00,9.088
2025-07-30T01:15:00,9.088
2025-07-30T01:30:00,9.088
2025-07-30T01:45:00,9.088
2025-07-30T02:00:00,8.693000000000001
2025-07-30T02:15:00,8.693000000000001
2025-07-30T02:30:00,8.693000000000001
2025-07-30T02:45:00,8.693000000000001
2025-07-30T03:00:00,8.324
2025-07-30T03:15:00,8.324
2025-07-30T03:30:00,8.324
2025-07-30T03:45:00,8.324
2025-07-30T04:00:00,8.489
2025-07-30T04:15:00,8.489
2025-07-30T04:30:00,8.489
2025-07-30T04:45:00,8.489
2025-07-30T05:00:00,9.472
2025-07-30T05:15:00,9.472
2025-07-30T05:30:00,9.472
2025-07-30T05:45:00,9.472
2025-07-30T06:00:00,10.038
2025-07-30T06:15:00,10.038
2025-07-30T06:30:00,10.038
2025-07-30T06:45:00,10.038
2025-07-30T07:00:00,9.747
2025-07-30T07:15:00,9.747
2025-07-30T07:30:00,9.747
2025-07-30T07:45:00,9.747
2025-07-30T08:00:00,9.388
2025-07-30T08:15:00,9.388
2025-07-30T08:30:00,9.388
2025-07-30T08:45:00,9.388
2025-07-30T09:00:00,7.901999999999999
2025-07-30T09:15:00,7.901999999999999
2025-07-30T09:30:00,7.901999999999999
2025-07-30T09:45:00,7.901999999999999
2025-07-30T10:00:00,6.329
2025-07-30T10:15:00,6.329
2025-07-30T10:30:00,6.329
2025-07-30T10:45:00,6.329
2025-07-30T11:00:00,4.043
2025-07-30T11:15:00,4.043
2025-07-30T11:30:00,4.043
2025-07-30T11:45:00,4.043
2025-07-30T12:00:00,2.479
2025-07-30T12:15:00,2.479
2025-07-30T12:30:00,2.479
2025-07-30T12:45:00,2.479
2025-07-30T13:00:00,1.7690000000000001
2025-07-30T13:15:00,1.7690000000000001
2025-07-30T13:30:00,1.7690000000000001
2025-07-30T13:45:00,1.7690000000000001
2025-07-30T14:00:00,1.0699999999999998
2025-07-30T14:15:00,1.0699999999999998
2025-07-30T14:30:00,1.0699999999999998
2025-07-30T14:45:00,1.0699999999999998
2025-07-30T15:00:00,2.803
2025-07-30T15:15:00,2.803
2025-07-30T15:30:00,2.803
2025-07-30T15:45:00,2.803
2025-07-30T16:00:00,4.561
2025-07-30T16:15:00,4.561
2025-07-30T16:30:00,4.561
2025-07-30T16:45:00,4.561
2025-07-30T17:00:00,7.5680000000000005
2025-07-30T17:15:00,7.5680000000000005
2025-07-30T17:30:00,7.5680000000000005
2025-07-30T17:45:00,7.5680000000000005
2025-07-30T18:00:00,9.397
2025-07-30T18:15:00,9.397
2025-07-30T18:30:00,9.397
2025-07-30T18:45:00,9.397
2025-07-30T19:00:00,10.186
2025-07-30T19:15:00,10.186
2025-07-30T19:30:00,10.186
2025-07-30T19:45:00,10.186
2025-07-30T20:00:00,10.907
2025-07-30T20:15:00,10.907
2025-07-30T20:30:00,10.907
2025-07-30T20:45:00,10.907
2025-07-30T21:00:00,10.9
2025-07-30T21:15:00,10.9
2025-07-30T21:30:00,10.9
2025-07-30T21:45:00,10.9
2025-07-30T22:00:00,10.4
2025-07-30T22:15:00,10.4
2025-07-30T22:30:00,10.4
2025-07-30T22:45:00,10.4
2025-07-30T23:00:00,9.241
2025-07-30T23:15:00,9.241
2025-07-30T23:30:00,9.241
2025-07-30T23:45:00,9.241
2025-07-31T00:00:00,8.893
2025-07-31T00:15:00,8.893
2025-07-31T00:30:00,8.893
2025-07-31T00:45:00,8.893
2025-07-31T01:00:00,8.211
2025-07-31T01:15:00,8.211
2025-07-31T01:30:00,8.211
2025-07-31T01:45:00,8.211
2025-07-31T02:00:00,7.9
2025-07-31T02:15:00,7.9
2025-07-31T02:30:00,7.9
2025-07-31T02:45:00,7.9
2025-07-31T03:00:00,7.726999999999999
2025-07-31T03:15:00,7.726999999999999
2025-07-31T03:30:00,7.726999999999999
2025-07-31T03:45:00,7.726999999999999
2025-07-31T04:00:00,7.851000000000001
2025-07-31T04:15:00,7.851000000000001
2025-07-31T04:30:00,7.851000000000001
2025-07-31T04:45:00,7.851000000000001
2025-07-31T05:00:00,8.543000000000001
2025-07-31T05:15:00,8.543000000000001
2025-07-31T05:30:00,8.543000000000001
2025-07-31T05:45:00,8.543000000000001
2025-07-31T06:00:00,9.814
2025-07-31T06:15:00,9.814
2025-07-31T06:30:00,9.814
2025-07-31T06:45:00,9.814
2025-07-31T07:00:00,10.046
2025-07-31T07:15:00,10.046
2025-07-31T07:30:00,10.046
2025-07-31T07:45:00,10.046
2025-07-31T08:00:00,9.409
2025-07-31T08:15:00,9.409
2025-07-31T08:30:00,9.409
2025-07-31T08:45:00,9.409
2025-07-31T09:00:00,8.891
2025-07-31T09:15:00,8.891
2025-07-31T09:30:00,8.891
2025-07-31T09:45:00,8.891
2025-07-31T10:00:00,7.417
2025-07-31T10:15:00,7.417
2025-07-31T10:30:00,7.417
2025-07-31T10:45:00,7.417
2025-07-31T11:00:00,7.0040000000000004
2025-07-31T11:15:00,7.0040000000000004
2025-07-31T11:30:00,7.0040000000000004
2025-07-31T11:45:00,7.0040000000000004
2025-07-31T12:00:00,6.115
2025-07-31T12:15:00,6.115
2025-07-31T12:30:00,6.115
2025-07-31T12:45:00,6.115
2025-07-31T13:00:00,4.805
2025-07-31T13:15:00,4.805
2025-07-31T13:30:00,4.805
2025-07-31T13:45:00,4.805
2025-07-31T14:00:00,3.5060000000000002
2025-07-31T14:15:00,3.5060000000000002
2025-07-31T14:30:00,3.5060000000000002
2025-07-31T14:45:00,3.5060000000000002
2025-07-31T15:00:00,5.507
2025-07-31T15:15:00,5.507
2025-07-31T15:30:00,5.507
2025-07-31T15:45:00,5.507
2025-07-31T16:00:00,7.243
2025-07-31T16:15:00,7.243
2025-07-31T16:30:00,7.243
2025-07-31T16:45:00,7.243
2025-07-31T17:00:00,8.456
2025-07-31T17:15:00,8.456
2025-07-31T17:30:00,8.456
2025-07-31T17:45:00,8.456
2025-07-31T18:00:00,9.690000000000001
2025-07-31T18:15:00,9.690000000000001
2025-07-31T18:30:00,9.690000000000001
2025-07-31T18:45:00,9.690000000000001
2025-07-31T19:00:00,11.192
2025-07-31T19:15:00,11.192
2025-07-31T19:30:00,11.192
2025-07-31T19:45:00,11.192
2025-07-31T20:00:00,12.827000000000002
2025-07-31T20:15:00,12.827000000000002
2025-07-31T20:30:00,12.827000000000002
2025-07-31T20:45:00,12.827000000000002
2025-07-31T21:00:00,12.511
2025-07-31T21:15:00,12.511
2025-07-31T21:30:00,12.511
2025-07-31T21:45:00,12.511
2025-07-31T22:00:00,11.416
2025-07-31T22:15:00,11.416
2025-07-31T22:30:00,11.416
2025-07-31T22:45:00,11.416
2025-07-31T23:00:00,10.279
